1={640: -4, 1: -252, 2: -45, 3: 0, 1162: 1, 162: -2, 696: -6, 58: 1}
2={640: -7, 1: -134, 2: -25, 3: -5, 72: 1, 1162: -5, 11: 7, 12: -3, 162: -50, 273: -3, 163: 2, 696: -6, 122: -1}
3={640: -13, 1: -3, 2: -11, 3: -8, 4: -12, 5: -1, 1162: -2, 11: -13, 12: -24, 144: 1, 145: 0, 274: 0, 275: 2, 162: -32, 163: -26, 164: -3, 165: -17, 166: -2, 169: -1, 1334: 1, 58: -3, 958: -2, 72: -3, 1186: 2, 463: 0, 1508: 1, 1509: 1, 273: -16, 377: -19, 122: -9, 125: -2}
4={515: 1, 4: -27, 5: -11, 6: -13, 1546: 1, 11: -48, 12: -20, 14: 6, 15: -1, 1553: 1, 1554: -1, 1027: -1, 20: -10, 21: 6, 22: 1, 89: -5, 516: 1, 1050: -1, 1052: 4, 1053: 0, 1054: 3, 1055: 6, 36: -2, 1061: 0, 1062: 1, 1063: 1, 41: -2, 1067: 3, 1068: -1, 1078: -18, 1079: -1, 568: 0, 57: 0, 58: -1, 1595: -1, 1091: 1, 1096: -2, 73: -40, 74: -10, 587: 1, 1100: 11, 1101: 7, 1102: -1, 1103: 0, 1107: 2, 1111: 0, 1113: -7, 1114: 0, 1115: -3, 1116: 1, 1121: -4, 1130: -2, 1131: -1, 1132: 1, 445: -1, 119: 7, 120: 3, 122: -25, 1147: 1, 124: 0, 125: -13, 126: -28, 1151: 1, 640: -20, 1153: 1, 1154: -1, 108: 2, 1162: -1, 1163: 0, 140: -1, 144: -37, 145: -53, 146: 1, 150: -2, 666: -1, 156: -1, 669: 2, 1185: -6, 162: -22, 163: -45, 164: -9, 165: -77, 166: -44, 167: -2, 169: -1, 174: 2, 1199: -1, 1200: -1, 690: 2, 30: 0, 183: -3, 187: 1, 188: -2, 1215: 1, 1216: 1, 211: -2, 1237: 1, 123: -9, 127: 31, 1276: -2, 128: 7, 129: 0, 1302: 1, 288: -2, 1152: 1, 304: -1, 307: 1, 1335: 1, 322: 0, 1348: -1, 566: -1, 28: 5, 569: 1, 344: -1, 868: -1, 372: 0, 377: -65, 378: -4, 1349: -1, 1441: -1, 1442: -1, 427: -1, 72: -33, 1458: 0, 436: -1, 1097: 5, 1464: -1, 1098: 3, 958: -9, 75: 1, 1476: 1, 454: -17, 588: -3, 1186: 0, 463: -5, 481: -2, 1508: 1, 491: 1}
5={1027: -1, 516: 1, 5: -5, 6: -9, 1032: -1, 1546: -1, 11: 1, 12: -1, 14: 5, 16: -2, 1554: -1, 20: -3, 21: 3, 22: -1, 89: -5, 4: 0, 1050: -1, 1052: 1, 1053: 3, 1054: 3, 1055: -4, 1115: -2, 36: -3, 1061: -1, 1062: -5, 1063: 0, 41: -4, 1067: -6, 1581: -1, 1078: -4, 1079: -1, 568: -2, 57: 2, 1595: -1, 1091: -5, 1096: -3, 1097: -4, 1098: 3, 75: 1, 588: -2, 1101: -7, 1102: -1, 1103: -2, 1107: 2, 1111: 1, 1113: -8, 1114: 0, 54: -1, 1116: -2, 1381: -1, 1120: 0, 1121: -4, 100: -1, 1125: 0, 104: 1, 1130: 3, 1131: 4, 1132: 1, 1133: 1, 115: -1, 119: 8, 120: 2, 122: 0, 124: -2, 126: -32, 127: 16, 128: 6, 129: -1, 1154: -2, 1163: 0, 140: -1, 144: -6, 145: -20, 146: 1, 149: -1, 150: -5, 156: -1, 669: 1, 1185: -3, 162: -1, 163: -3, 165: -3, 166: -8, 167: -1, 28: 6, 174: 1, 1199: -1, 1200: -1, 690: -1, 183: 0, 187: 1, 188: -2, 1215: 2, 1216: 0, 92: -1, 1233: 2, 210: 0, 211: 1, 1247: 1, 1249: 1, 38: -1, 1255: 1, 1267: -1, 1268: -1, 1279: -1, 130: 1, 1302: -1, 288: -1, 297: 3, 304: -1, 307: 3, 1335: 1, 322: 4, 323: 2, 1349: -1, 1350: 0, 1080: -1, 341: 1, 343: 1, 344: -1, 345: -2, 1375: 0, 1376: 1, 1380: -1, 357: 1, 371: 1, 372: 1, 377: -3, 378: -3, 1442: -1, 1443: -1, 1444: -1, 1445: -1, 427: -1, 72: -2, 1458: -1, 436: -2, 437: -1, 73: -12, 1464: -1, 1466: -1, 444: -1, 74: -6, 1476: 1, 454: -5, 1100: -6, 463: -1, 481: -1}
6={1536: 1, 1537: 1, 514: -1, 427: 4, 516: 1, 5: -1, 1546: -1, 12: -1, 14: -3, 16: -2, 1555: -1, 20: -1, 21: -4, 22: -1, 89: -4, 4: -3, 1050: -1, 28: 3, 1053: 3, 1054: -9, 1055: -6, 1056: 3, 1057: 7, 34: 3, 1059: 1, 36: -5, 1061: -3, 1062: -8, 1063: -9, 1064: -5, 1065: -10, 1066: -8, 1067: 0, 1068: -1, 1069: -1, 1582: -1, 1571: -1, 435: -1, 1588: -1, 1589: -1, 1078: -12, 1079: -3, 1080: 2, 57: -1, 1083: 2, 1089: 2, 1091: -6, 1092: 1, 1093: 0, 1094: 1, 1095: 1, 1096: -1, 73: -4, 74: -5, 1099: 1, 1100: -7, 1101: -3, 1102: -14, 1103: -14, 1104: 0, 1105: 3, 1106: 3, 1107: 1, 1108: 0, 1109: 7, 1110: 2, 1111: -4, 1112: 1, 1113: -2, 1114: -3, 1115: -9, 1116: -7, 1060: 1, 1120: -7, 1121: -4, 1122: 2, 100: 1, 1125: 0, 1128: 1, 1129: 1, 1130: -1, 1131: 2, 1132: 2, 1133: 3, 1134: 1, 1135: 3, 1384: -1, 1138: 1, 1140: 0, 1141: 0, 1142: 0, 119: -2, 120: -2, 121: 1, 1146: 5, 1215: 1, 1148: 1, 1149: 1, 1150: 1, 127: -13, 128: 1, 129: 0, 130: 1, 1155: -4, 1156: -3, 1157: 1, 1158: 3, 1159: 1, 1160: 1, 1145: -1, 1163: -6, 1164: 0, 194: 1, 158: 1, 144: -1, 145: -14, 146: 2, 1561: -1, 1177: 1, 1178: 1, 156: -3, 1181: 2, 1182: 1, 1583: -1, 1185: 0, 1187: 1, 165: -2, 166: 0, 167: -1, 1052: -1, 1233: 1, 174: 2, 1199: -1, 1200: -1, 1201: -2, 91: 1, 1203: -2, 1205: 1, 182: 1, 183: -1, 184: -1, 186: 1, 187: 1, 188: -3, 1213: 1, 191: 1, 1216: 0, 32: 0, 1218: 2, 1219: 1, 308: 3, 211: 1, 33: 3, 131: 1, 1143: -1, 1232: 2, 1144: 0, 210: -1, 35: 2, 690: 0, 1237: 1, 1238: 0, 1239: 1, 1240: 1, 1241: 1, 1242: 1, 1243: 1, 122: 0, 37: -1, 1248: 1, 1249: 1, 1250: 2, 1251: 2, 1252: 2, 38: -3, 1255: 1, 233: 3, 39: 1, 236: -1, 241: -1, 1267: 0, 1268: -1, 126: -26, 1270: 0, 41: 0, 1280: -1, 1281: -1, 1282: -1, 1283: -1, 1284: -1, 1478: 1, 1154: -8, 1299: 1, 1300: 1, 691: -1, 1302: 0, 1303: 1, 1304: 1, 1307: 1, 445: -1, 288: 0, 291: 8, 1316: 1, 1169: 1, 297: 4, 298: 2, 305: 2, 307: 5, 1332: -2, 309: 1, 1335: 1, 1336: 1, 1337: 1, 1613: -1, 1333: 1, 1625: 1, 322: 8, 323: 0, 1350: 2, 1351: -1, 140: -2, 1360: 1, 568: -3, 1362: 1, 1364: 2, 1365: 3, 343: 1, 344: 0, 1369: 2, 1375: -1, 1376: 2, 1377: 1, 1378: 1, 1457: -1, 356: -1, 357: 1, 358: 0, 359: 1, 872: 0, 1170: -1, 1382: -1, 370: -3, 372: -1, 1398: 1, 1400: 0, 377: 0, 378: -2, 1403: 1, 1562: -1, 1407: -1, 1408: -1, 30: -1, 1424: 1, 1425: 1, 1426: 1, 1603: -1, 1428: 1, 1431: -1, 1432: -1, 68: 1, 410: -4, 1435: -1, 1436: -1, 1434: 1, 69: 1, 1443: -1, 1444: -2, 1445: -2, 1446: -1, 31: 1, 327: -1, 72: -1, 1458: -1, 1459: -1, 436: -3, 437: -4, 1617: 1, 1097: -3, 440: -1, 244: 1, 1098: -1, 1269: -1, 1464: 1, 1477: 1, 454: 2, 1479: 1, 1480: 1, 1481: 1, 1482: 1, 1483: 1, 1484: 1, 463: -2, 1493: 2, 1495: 1, 79: 2, 1501: 1, 481: -2, 482: -1, 1507: -1, 40: 1, 1361: 1, 1513: -1, 1448: 1, 1217: -1, 1525: -1, 1526: -1, 1527: -1, 1620: -1, 1194: -1, 1534: 0, 1535: 1}
7={174: 1, 1055: 0, 1056: 1, 1057: 0, 1058: 4, 1059: 2, 1060: 1, 38: 1, 1063: -1, 40: 1, 1065: 0, 1066: -4, 47: -1, 1590: -1, 1081: 2, 1082: 1, 1083: 3, 1600: -1, 1089: 1, 1090: 2, 1092: -1, 1093: 1, 1606: -1, 74: -1, 75: -1, 76: -1, 1122: -1, 1102: 0, 1103: 2, 1104: -1, 1105: -3, 1106: -1, 1109: 1, 1110: -1, 1111: -1, 1626: 1, 91: -1, 1119: -1, 98: 1, 1123: 1, 100: -2, 1125: 1, 1129: 1, 1135: 0, 1139: 1, 1140: -2, 117: 1, 1142: 2, 120: 1, 1146: 3, 1215: 1, 128: -2, 1154: 1, 1158: 1, 1159: -1, 146: 1, 1177: 1, 1182: 0, 159: 1, 161: 1, 35: -2, 1198: -1, 1207: -1, 185: -1, 1211: 1, 191: 2, 1217: 1, 195: 1, 1220: -1, 33: 1, 1225: 1, 1226: 1, 1227: -1, 1228: 1, 34: -3, 1229: 1, 1315: -1, 1627: 1, 233: 1, 39: -1, 1064: -1, 244: -1, 245: -1, 252: -1, 1277: 1, 256: -1, 259: 1, 130: 1, 1310: 1, 290: 1, 291: 0, 1316: -1, 297: -4, 307: 1, 1344: 1, 322: -2, 323: -2, 342: -1, 364: 1, 1398: -1, 1401: 1, 1407: 1, 1408: 1, 1601: -1, 1428: 0, 1604: -1, 1605: -1, 32: 0, 1614: -1, 1615: -1, 1141: 1, 187: -1}
8={1160: 1, 1161: 1, 1177: 0, 32: 0, 1058: 2, 1059: 2, 39: 0, 40: 2, 1066: 1, 1202: 1, 1205: 1, 1206: 1, 1083: 2, 1090: 0, 1616: -1, 1105: 2, 1106: 1, 35: 1, 1109: 0, 598: -1, 1104: 1, 233: 1, 234: -1, 1134: 1, 1266: 1, 245: -1, 1142: 1, 1144: -1, 1145: -1, 1146: 1}
9={1367: 1, 532: -1, 26: -2, 27: -1, 1055: -2, 32: 1, 1057: -3, 1058: -3, 1059: 0, 1060: 3, 39: -1, 40: 3, 1066: -6, 53: -2, 1593: -1, 1082: -2, 1083: -5, 1085: -1, 1089: 1, 1090: 3, 67: 1, 1102: 0, 1103: 1, 1104: -2, 1105: -5, 1106: -3, 1109: -4, 1110: -2, 1122: -3, 1123: 0, 1124: -3, 101: 1, 1127: -1, 1128: -1, 1129: -1, 1138: 1, 1139: 4, 117: 1, 1143: -1, 120: -1, 1145: -3, 1146: -2, 1157: -1, 1158: -1, 1159: -1, 1160: 0, 1161: -1, 1177: -2, 1184: -1, 1192: -3, 114: 0, 1198: 2, 1202: 1, 1205: -1, 1206: 1, 195: 1, 1220: -3, 1221: -2, 201: -1, 119: -1, 1144: -2, 35: -3, 1243: -1, 228: -1, 1253: -1, 1254: -2, 234: -1, 1266: -3, 245: -2, 1275: -1, 1299: 1, 1310: 1, 291: -2, 1317: 1, 1318: 1, 299: 0, 1324: -1, 137: 1, 323: -3, 324: 1, 1364: -1, 1365: 1, 1366: 1, 1081: 0, 1368: 1, 1411: 1, 388: -1, 1416: 1, 416: -1, 1462: -1, 962: 1, 1499: -1, 1502: -1, 1503: -1}
10={529: 1, 530: -1, 1560: -1, 26: -6, 27: -3, 32: -1, 1057: -1, 1058: 0, 35: -7, 1060: 3, 39: -2, 40: 3, 1066: -1, 53: -5, 1081: -2, 1082: -2, 1083: -7, 1084: -1, 1085: -1, 1090: -1, 1103: -1, 1104: -1, 1105: -4, 1106: -2, 83: -1, 1122: -1, 1123: -1, 1124: -7, 101: 1, 1128: -2, 1129: -1, 1138: 1, 1139: -2, 117: -1, 105: -1, 1144: -2, 1145: -4, 1146: -2, 1160: -2, 137: 1, 138: 0, 141: -1, 1168: -1, 195: -3, 1177: 0, 1178: -1, 1184: -1, 1192: -2, 114: 1, 186: -1, 1219: -1, 1220: 0, 1221: -1, 1222: 1, 1224: -1, 201: 1, 34: -2, 120: -1, 1059: -5, 233: -1, 1266: -2, 244: 0, 245: 1, 1289: 1, 1299: -1, 1300: -1, 1301: -1, 291: -2, 1317: -1, 1318: 1, 1322: -1, 299: -1, 323: -1, 1372: -1, 872: -1, 364: 0, 1393: -1, 1410: 1, 1411: 1, 388: -1, 1416: 0, 1462: -1, 1487: 1, 1503: -1, 82: -1, 503: -1, 504: -2, 1529: 0}
11={1123: -1, 1124: -1, 1221: -1, 35: 1, 1301: -1, 1060: 1, 26: -1, 101: 1}
12={640: -8, 1: -22, 2: -17, 3: -11, 164: -1, 165: -1, 1162: -1, 11: 3, 12: 1, 162: -10, 813: -1, 273: -11, 274: 1, 163: -4, 377: -5, 58: 0, 122: -1}
13={640: 0, 1: 1, 2: -1, 3: 0, 4: 6, 1162: 1, 11: -2, 12: 5, 144: 1, 145: 2, 274: 1, 162: 15, 163: 15, 164: 0, 165: 0, 166: -2, 1334: 1, 1335: 1, 696: 1, 958: 1, 72: -3, 463: 1, 1509: 1, 273: -2, 377: 12, 122: -3, 126: -3}
14={4: -3, 5: -1, 14: -3, 20: -1, 21: -2, 89: 0, 1050: -1, 28: 2, 1054: -7, 1055: -8, 1056: 0, 33: 1, 36: 1, 1061: -1, 1062: 1, 1065: -1, 1067: 2, 1078: -14, 1079: -11, 568: 0, 57: 0, 1091: -2, 72: -2, 73: -5, 74: -4, 588: -1, 1101: 5, 1102: 2, 1103: 3, 1107: 4, 1111: 4, 1113: -4, 1114: 0, 1115: -3, 1116: -1, 1120: -1, 1121: -2, 100: 0, 1125: -2, 1130: -2, 1131: 2, 1133: 1, 1134: 1, 1141: 1, 119: -7, 120: -3, 122: -2, 123: -1, 124: -2, 126: -24, 127: -5, 128: 0, 129: 0, 130: -1, 1163: 3, 144: -4, 145: -16, 151: 1, 156: -2, 1185: -2, 165: 1, 166: 2, 167: -1, 1052: -1, 174: 1, 1200: -1, 1201: -1, 30: -1, 183: -3, 188: -1, 1215: 1, 1216: 1, 210: 1, 1098: -1, 37: -2, 38: 1, 233: -2, 1151: -1, 1153: 1, 1154: -1, 1297: -1, 1298: -1, 304: -1, 1332: -1, 322: 3, 323: 7, 327: -1, 868: 0, 1169: -1, 872: 1, 377: -1, 378: -1, 1417: 1, 1431: -1, 427: 1, 1097: 2, 1464: 1, 445: -1, 1473: 1, 454: 1, 1100: 1, 463: -2, 481: -1, 1380: -1}
15={128: -4, 1154: 1, 1157: 1, 1417: 1, 30: -1, 1163: -1, 1100: -2, 146: -1, 323: 3, 21: -3, 1079: -4, 156: -1, 1181: -1, 1054: -5, 1055: -1, 1056: -1, 1187: -1, 36: -1, 37: -1, 1062: 1, 1064: -2, 1065: 1, 1066: 2, 174: -1, 1201: -1, 1203: -1, 1204: -1, 1182: -1, 1078: -5, 183: -2, 568: -1, 187: -1, 188: -1, 1098: -1, 1216: 0, 322: -2, 1099: -1, 73: -1, 74: -2, 587: -1, 588: 0, 1101: -4, 1102: -3, 1103: -4, 1104: -2, 1233: 1, 291: -1, 1109: -2, 1111: 0, 89: -1, 1125: -1, 1122: 1, 100: -2, 166: 1, 872: -1, 1385: 1, 1130: 0, 1131: 0, 1132: -1, 1133: 1, 1399: 1, 119: -5, 120: -4, 377: -1, 1146: 1, 38: -2, 252: -1, 126: -5, 127: -5}
16={128: -4, 130: -2, 1157: -1, 1163: -2, 1164: -1, 1424: -1, 1299: 1, 21: -1, 151: -1, 1177: -1, 1054: -4, 1055: 3, 32: 0, 1057: 1, 34: -1, 291: -1, 1062: 0, 1063: -1, 297: -2, 1066: 1, 174: -1, 307: -1, 1078: -1, 1079: -3, 1080: 0, 1215: -1, 1216: -1, 322: -2, 323: 0, 33: -1, 119: -3, 1101: -1, 1102: -1, 1103: 0, 1104: 1, 1105: -2, 1187: -1, 1233: -1, 1109: 1, 463: -1, 1120: -1, 1377: 1, 1122: 1, 1252: -1, 38: 2, 1127: -1, 872: -2, 233: -2, 1131: -2, 1132: -1, 1140: -1, 1141: -1, 1065: -1, 120: -3, 1146: -2, 298: -1, 126: -1, 127: -6}
17={1307: -1, 1054: -3, 1055: 0, 33: -1, 34: -1, 1063: 1, 1064: 1, 1065: -2, 1066: -1, 1080: -1, 323: -1, 1102: -2, 1103: -3, 1104: 1, 1105: -1, 1109: 1, 1125: -1, 1133: -1, 1134: 1, 1135: 1, 1141: -1, 297: -1, 120: -1, 1146: -1}
18={640: -14, 1: -48, 162: -55, 163: 4, 4: -2, 1162: -8, 11: -8, 12: -3, 2: -48, 273: -4, 3: -19, 696: -5, 122: -3, 958: -1}
19={640: -19, 1: -1, 2: -2, 3: -2, 4: -6, 5: 1, 1162: -7, 11: -26, 12: -10, 144: -2, 273: -4, 162: -49, 163: -22, 165: 1, 1067: 1, 58: -2, 958: -5, 454: 1, 72: -7, 73: -1, 463: -1, 145: 2, 377: 5, 122: -14, 125: 1}
20={128: -2, 1154: -1, 1515: 1, 22: 1, 6: -1, 1163: 0, 145: 1, 1298: -1, 1091: -1, 21: 0, 150: -1, 28: 1, 1054: 3, 1055: 0, 288: -1, 36: -1, 38: 3, 1065: 1, 427: 1, 174: -1, 1200: -1, 1458: -1, 1078: 1, 1079: -2, 1464: 1, 1337: -1, 1596: -1, 146: 0, 322: 1, 323: 1, 72: -1, 73: -1, 74: -2, 75: 1, 1100: 0, 1101: 5, 1102: 3, 1103: 3, 1107: 1, 1111: 0, 1444: -1, 1120: 0, 868: -1, 1062: -1, 1130: -2, 1131: -1, 1133: -2, 1134: -1, 119: 0, 120: 1, 378: -1, 1215: -1, 126: -3, 127: -3}
21={514: -1, 14: -1, 26: 1, 28: 0, 1053: -1, 1054: 1, 1055: -1, 1056: -2, 33: -1, 1058: 1, 36: -1, 38: -2, 1063: -1, 40: 0, 1065: -5, 1066: -7, 1069: -1, 1070: -1, 1071: -1, 1073: -1, 1078: -1, 1079: 0, 1080: -1, 1081: 2, 1082: -1, 1083: -2, 1597: -1, 1598: -1, 1599: -1, 1090: -1, 1093: 1, 71: -1, 73: -1, 1098: 1, 1100: -1, 1613: -1, 1102: 1, 1103: 3, 1104: -1, 1105: -1, 1106: 1, 1107: 0, 1620: -1, 1109: 0, 1110: -1, 1111: -2, 89: -2, 1626: 1, 1115: -2, 1116: -2, 1120: -1, 1122: 0, 100: -1, 1125: 2, 1127: -1, 1130: 0, 1131: -4, 1132: -2, 1133: -1, 1134: -2, 1135: 0, 1136: -2, 1140: -1, 1141: 0, 1142: 0, 119: -4, 120: -5, 1146: 3, 126: 1, 127: -2, 128: 2, 129: 1, 1154: -1, 1157: -1, 1217: 1, 1163: 1, 1164: -1, 1177: 0, 155: 1, 156: -1, 1189: 1, 174: -1, 1200: -1, 1201: -1, 1203: -1, 1204: -1, 187: -1, 188: -1, 1216: -2, 32: -1, 194: 1, 195: 1, 708: -1, 1057: 0, 1232: 1, 1233: 1, 1237: 1, 1064: -1, 1241: 1, 1243: 0, 1249: 1, 1251: 1, 1252: -3, 1062: -1, 1255: -1, 233: 1, 39: 1, 241: -1, 1270: 1, 1271: 1, 253: -1, 130: 0, 1302: -1, 804: -1, 297: 4, 298: 1, 299: 1, 815: -2, 311: -1, 322: 2, 323: -5, 1365: 1, 1366: 1, 1387: -1, 1388: -1, 1390: 1, 1391: 1, 370: -1, 372: -1, 1398: -1, 1400: -1, 1401: -1, 1402: -1, 1403: -1, 1424: 1, 410: -2, 427: -1, 1457: -1, 437: -1, 1220: -1, 1097: -1, 74: -1, 1618: -1, 1614: -1, 1494: 1, 1507: 1, 1515: 1, 1516: 1, 1517: 1, 1522: -1, 1527: -2, 1621: -1}
22={128: 0, 1154: -2, 299: 1, 1062: -1, 1163: 1, 130: -2, 1517: 1, 195: 1, 1177: 1, 26: 2, 155: 1, 156: -1, 1054: -1, 1055: 1, 32: 0, 1058: 1, 35: 1, 36: -2, 38: -2, 39: 1, 40: 2, 291: 2, 1066: 0, 1081: 1, 174: -1, 815: -1, 27: 1, 1073: -1, 1182: 1, 1524: -1, 1083: 1, 1135: 1, 322: -3, 323: 0, 1093: 1, 1097: -1, 34: -1, 1102: -1, 269: -1, 1104: 0, 1105: 1, 82: 1, 1107: 1, 1109: 1, 1243: 1, 1111: -1, 89: -1, 1103: 1, 481: -1, 1122: 2, 100: -1, 1125: -2, 233: 0, 1389: -1, 1518: 1, 1263: -1, 1136: 1, 241: -1, 1522: -1, 244: 1, 297: 1, 120: -2, 1146: 1, 298: 1, 1404: -1, 1405: -1, 1406: -1, 1365: -1}
23={1: 25, 2: 2, 162: 3}
24={1: 4, 2: -1, 163: 0, 11: -1, 12: 0, 162: 11, 273: 1, 3: 3, 377: 1}
25={640: -10, 3: -1, 4: -17, 5: 0, 6: -3, 1162: -1, 11: -2, 12: -6, 14: -3, 144: 4, 145: 16, 274: -2, 20: -1, 153: -1, 1052: 0, 286: -1, 1055: 1, 162: -26, 163: -37, 164: -8, 165: -27, 166: -6, 1067: 2, 1054: 1, 1078: 2, 1079: 2, 57: 1, 58: -4, 958: -8, 1334: -1, 454: 3, 72: -13, 73: -7, 1100: 1, 463: 0, 1494: 1, 1113: -2, 1114: -1, 1381: 1, 1382: 1, 273: -1, 119: -1, 377: -5, 122: -7, 123: -2, 124: -1, 125: -3, 126: 12, 127: 0}
26={128: -4, 129: -1, 130: 0, 260: -1, 1163: 2, 1154: -1, 1432: -1, 1054: -3, 31: -1, 288: -1, 33: 1, 34: 1, 35: 1, 36: 1, 38: -3, 297: 1, 1066: 1, 174: -2, 1078: 1, 1079: -2, 1524: -1, 1055: 1, 32: 0, 322: -2, 323: 4, 183: -1, 291: 2, 1103: 1, 1104: 2, 1107: 4, 1109: 1, 1375: -1, 1120: -1, 1122: 1, 100: -1, 1125: -1, 872: 1, 873: 0, 244: 1, 1065: 1, 233: 3, 120: 0, 126: 1, 127: -2}
27={4: -2, 6: 1, 1543: 1, 1544: 1, 11: -1, 14: 2, 20: -2, 21: -4, 89: -3, 1050: -1, 28: 4, 1053: 2, 1054: 5, 1055: 2, 36: -4, 1061: 0, 1062: 2, 1063: 2, 1064: -2, 1065: 4, 1066: 4, 1067: -4, 1068: 1, 1069: 0, 1070: 0, 1071: 0, 1078: -16, 1079: -11, 568: -2, 57: -2, 1091: 2, 1096: 1, 73: -2, 1098: 2, 1099: -1, 588: -2, 1101: 2, 1102: 2, 1103: 3, 1104: 1, 1107: 1, 1109: 0, 1111: 0, 1113: 1, 1114: -1, 1115: -2, 1116: -1, 1120: 2, 1121: 1, 1122: 2, 1130: -1, 1131: 0, 1384: 1, 119: -8, 120: -6, 122: 1, 126: -59, 127: -11, 128: -1, 1154: 1, 1163: -1, 144: -6, 145: -35, 150: 1, 1181: -1, 1185: 1, 1187: -1, 165: -2, 166: -10, 167: -3, 1052: 1, 174: 1, 1199: -1, 1200: -3, 1201: -1, 1203: -1, 30: -1, 183: -2, 187: 1, 188: 1, 1215: -1, 1238: 1, 38: 0, 1255: 1, 1302: 1, 1169: 1, 322: 1, 323: 0, 1080: -1, 1380: 1, 1381: 1, 1382: 1, 1383: 2, 872: 1, 1385: 1, 1386: 1, 1387: 1, 1396: 1, 1398: 1, 1399: 1, 1400: 1, 377: -1, 1412: 1, 1413: 1, 1414: 1, 427: 0, 72: -1, 1458: 1, 1097: -1, 1464: 0, 1466: -1, 74: -3, 958: -1, 587: 0, 454: -1, 1100: -4, 463: 1, 467: 1, 1493: 1, 1494: 2, 868: 0, 481: -1, 1514: -1}
28={1543: 1, 1544: 2, 1547: 1, 14: -1, 21: -1, 22: -1, 28: 2, 29: -1, 30: -1, 1055: -3, 32: 1, 33: 1, 36: -2, 37: 0, 38: 1, 1063: 2, 1065: -1, 1066: 2, 1067: -2, 1071: -1, 1072: -1, 1073: 0, 1078: -9, 1079: -14, 1080: -2, 569: 1, 1594: -1, 1091: 1, 73: -2, 74: -1, 1099: 1, 1100: 1, 1101: 2, 1102: -2, 1103: 3, 1104: 4, 99: -1, 1109: -1, 1111: 0, 1112: 1, 1116: -1, 1120: 1, 1122: 1, 187: 2, 100: -1, 1125: 2, 1127: -1, 1130: -5, 1131: -2, 1133: 2, 445: -1, 115: -1, 1140: 0, 1141: 6, 119: -6, 120: -6, 1145: 1, 1146: 0, 126: -14, 127: -11, 128: -6, 129: 1, 1154: -7, 1157: -1, 1163: -2, 1169: -1, 146: -1, 151: 0, 1177: 3, 156: 1, 1182: -1, 166: -1, 167: -2, 168: -2, 1193: -1, 174: 1, 1200: -1, 1203: -1, 1204: -1, 1054: -11, 185: 1, 31: -1, 1212: 1, 1215: 0, 1216: -1, 1056: 1, 195: 1, 1233: -1, 1061: -1, 1255: -2, 233: -1, 1267: 1, 260: 1, 130: 0, 1302: 1, 1144: 1, 291: 3, 297: -2, 298: -1, 306: 1, 1330: 1, 307: 1, 322: -6, 323: 0, 481: -1, 568: -2, 341: 1, 342: 1, 1377: 1, 145: -1, 872: 3, 1387: 2, 1400: 1, 378: 1, 385: -1, 1415: 1, 410: 1, 427: -1, 1097: 0, 1465: 1, 1098: 0, 454: -1, 588: -1, 1494: 1, 80: 1, 1107: -2}
29={1316: 0, 1542: -1, 1547: 1, 1548: 1, 1549: 1, 530: 1, 1198: -1, 120: -2, 26: 4, 1054: -6, 1055: -9, 32: 9, 33: -2, 1058: 1, 35: 1, 36: 2, 37: 3, 38: 4, 39: 3, 1064: -2, 1065: -14, 1066: -10, 1073: 1, 1074: 2, 1075: 0, 1076: -1, 1077: -1, 1078: -5, 1079: 2, 1080: -2, 1081: 1, 1082: 1, 1083: -1, 1090: 3, 1094: -1, 1095: -1, 73: -1, 74: -1, 1611: 1, 1100: -1, 1101: 3, 1102: 7, 1103: -10, 1104: 2, 1105: -3, 1106: -1, 1107: -1, 1109: 6, 1110: 0, 1111: 1, 1624: 1, 91: 1, 1120: -12, 1122: -4, 187: -3, 100: -1, 1125: 1, 1127: 2, 1128: 3, 188: -1, 1130: -2, 1131: -6, 1133: -5, 1134: -6, 1135: 1, 1136: 1, 115: -1, 1140: -1, 1141: 5, 1142: 0, 119: -3, 1144: 6, 1145: 5, 1146: 1, 126: -2, 127: -7, 128: -11, 129: 1, 130: -2, 131: 0, 1156: -3, 1157: -7, 1158: -2, 1159: -2, 1160: 0, 1161: 0, 138: 1, 1163: -2, 1164: 2, 141: 1, 1170: -1, 1171: -1, 1172: -1, 1173: -1, 151: 1, 1177: 1, 1178: 1, 156: -2, 1182: -1, 1189: -1, 568: -1, 168: -1, 1193: -1, 193: -1, 174: -1, 1139: 1, 1204: -2, 30: 0, 183: -2, 185: -2, 186: 1, 1211: -1, 1212: -1, 1213: -1, 1215: -1, 1216: -9, 1217: -2, 1218: 1, 195: 3, 410: 1, 1057: 5, 1143: 1, 1541: -1, 34: 1, 1230: 0, 1331: 1, 1232: 1, 1233: -5, 1059: 2, 804: -1, 1231: 1, 1252: -2, 1254: -1, 1256: -1, 233: 4, 1063: -1, 40: 4, 1267: 1, 244: 4, 245: 0, 1270: -1, 1271: -1, 1322: -2, 260: 1, 1219: 0, 1495: 1, 1154: -7, 1298: 1, 1155: -1, 291: 5, 292: 2, 1203: -1, 294: 0, 295: 1, 297: 5, 298: 5, 299: 1, 815: 1, 307: -2, 308: -1, 309: 1, 311: -1, 1338: 1, 1339: 1, 1340: 1, 1341: 1, 1342: 1, 1333: -1, 322: -4, 323: -11, 324: 0, 1360: -1, 1361: -1, 1362: -1, 341: 0, 342: -1, 344: -1, 1369: 1, 1377: 1, 872: 2, 146: 1, 370: -2, 1343: 1, 1408: 1, 385: -1, 386: -1, 905: 1, 1610: 1, 1424: 2, 1428: 1, 1431: 1, 1433: -1, 1434: -1, 1437: -1, 1438: -2, 1445: -1, 1459: -1, 1462: 1, 445: -1, 1612: 1, 1484: 1, 1485: 1, 462: 0, 467: 1, 983: 1, 79: -2, 1056: 5, 1192: -1, 1524: 1, 1365: 2}
30={1550: 1, 174: -4, 26: -1, 1054: -4, 1055: -12, 32: 5, 1057: -1, 1058: 2, 35: 0, 1572: -1, 38: -2, 39: -1, 1065: 1, 1066: 0, 1080: 1, 1082: -1, 1083: -3, 1090: -1, 1207: 1, 1102: -1, 1103: -4, 1104: 1, 1105: 1, 1106: -2, 1619: -1, 1109: -4, 1111: 1, 1120: -7, 1122: -3, 187: -4, 1127: -1, 1128: 1, 1129: 1, 1131: -1, 1132: -1, 1133: -2, 1134: -1, 1135: 2, 1136: 2, 1137: 1, 1138: 1, 1139: 1, 1140: 0, 1141: -1, 1142: 1, 119: -3, 1144: 0, 1145: -3, 1146: -9, 21: -1, 128: -5, 129: -2, 130: 0, 1156: -1, 1157: -6, 1158: -6, 1159: -2, 1161: -1, 1164: -3, 1219: 0, 1173: -1, 1174: 1, 1177: 4, 156: -1, 1187: -1, 1188: -1, 568: -1, 1198: -1, 183: -1, 1208: 1, 31: 0, 1214: -1, 191: -1, 1216: -1, 1056: -4, 1218: -4, 195: -3, 1220: 1, 33: 2, 1217: -2, 34: 0, 120: -8, 1316: 2, 1252: -1, 233: -2, 241: -1, 244: 0, 1271: 1, 127: -2, 298: 2, 1154: 1, 1299: 1, 291: -1, 292: -1, 297: -5, 1322: -1, 299: -1, 309: -1, 1343: 1, 1344: -1, 322: 0, 323: -6, 324: -1, 1361: 1, 1364: -2, 1365: 0, 1366: 1, 1370: 1, 1392: 1, 1424: 0, 1428: 1, 1431: -1, 1457: -1, 445: -1, 1485: 1, 1496: -1, 1497: -1, 481: -1, 1507: 1, 1618: -1, 1527: -1, 341: 0}
31={128: -1, 130: -1, 1090: -4, 195: -1, 1177: -1, 26: -3, 1179: 1, 32: -1, 33: 0, 1058: -1, 1059: -1, 292: 0, 38: -1, 39: 0, 297: -2, 1066: 0, 1323: -1, 1198: -1, 309: 1, 1081: -1, 186: 1, 1083: -3, 1214: -1, 322: -2, 323: -1, 324: -1, 1057: 0, 34: -1, 291: -1, 1105: -4, 1106: -4, 35: 0, 1109: -1, 1110: 1, 1082: -1, 1120: -1, 1122: -3, 233: -1, 370: -1, 1144: -1, 1145: -1, 1146: -2, 298: -1, 1322: -1}
32={32: 1, 33: 1, 34: -1, 35: 0, 324: -1, 323: -1, 295: -1, 40: 0, 291: 0, 298: 1, 1323: -1, 322: -2, 1090: 1, 1325: -1, 1083: 1, 195: 1, 244: -1, 1324: -1, 39: 2, 26: 2, 1487: 1}
33={35: 1, 244: -1, 245: -1}
34={128: 1, 130: 0, 1416: 1, 1090: 0, 195: 1, 26: 2, 155: 1, 32: 2, 290: 1, 291: 4, 39: 0, 40: 1, 297: 1, 1066: -2, 1082: 1, 1083: 0, 322: 0, 323: 3, 1607: -1, 1227: -1, 34: 2, 1106: -1, 35: 2, 596: 1, 1128: 1, 233: 3, 241: -1, 244: 1, 1406: -1, 298: 0, 1278: -1}
35={130: -2, 1416: -1, 137: 2, 1090: 2, 529: 1, 195: 1, 1174: -1, 24: -1, 25: -1, 26: -1, 27: -1, 1438: -2, 1183: -1, 32: -3, 34: 1, 35: -1, 292: 1, 38: -2, 39: 0, 40: 5, 297: -4, 298: -1, 299: 0, 177: -1, 1202: -1, 1462: -1, 186: -1, 1083: -2, 1084: -1, 1085: -1, 117: 1, 1059: 1, 322: 0, 323: -5, 324: 1, 241: -1, 1293: 1, 1105: -3, 1106: -5, 291: -2, 1060: 1, 67: 1, 233: -2, 364: 1, 1192: -2, 244: -2, 245: 1, 1142: -1, 1144: 1, 1145: 3, 1066: -1}
36={128: -7, 130: -1, 1155: -2, 1163: -1, 1154: -3, 195: -1, 21: -1, 1177: -1, 156: -1, 1182: -1, 31: -1, 32: -1, 34: -1, 291: -2, 36: -1, 38: -1, 39: -2, 1064: -1, 297: -1, 1066: 0, 174: -1, 1328: -1, 1329: -1, 435: -1, 1054: -2, 1078: -1, 568: -2, 1055: -1, 437: -1, 1056: -1, 322: -5, 323: -4, 1100: -1, 1102: 0, 1103: -2, 1104: -1, 1109: -1, 1111: -1, 89: -1, 91: -1, 187: -1, 872: -1, 233: -3, 244: -3, 120: 0, 252: -1, 127: -2}
37={128: 0, 129: -1, 130: -2, 1155: -1, 1154: -1, 34: -1, 1182: -1, 32: -1, 1057: 1, 1058: 1, 291: 4, 38: -1, 297: 2, 298: -2, 299: -2, 1329: -1, 435: -1, 1078: -1, 186: -1, 1056: -1, 322: -7, 323: 3, 1101: -1, 1102: -1, 1105: 1, 1059: 1, 1109: -1, 1110: 1, 233: 0, 244: -1, 120: 1, 1066: -2}
38={130: -1, 1155: -2, 1156: -2, 1090: 1, 1424: -1, 146: -1, 323: -4, 23: -1, 1177: -1, 26: -1, 27: 1, 32: -1, 1057: -1, 34: -3, 1059: 1, 38: -3, 295: -1, 40: -2, 297: -4, 1066: -3, 299: -2, 309: -1, 1144: 2, 1485: 1, 35: -1, 322: -7, 195: 3, 33: -1, 1058: -1, 1102: -1, 269: -1, 1104: 1, 1105: -1, 1106: -1, 291: 0, 1109: -2, 1486: 1, 1122: 1, 1154: -1, 233: -1, 39: 0, 1134: 1, 1135: -1, 1136: -1, 1363: -1, 244: -1, 245: 1, 119: -1, 120: -1, 1145: 1, 1146: 1, 1365: -1}
39={130: -1, 1579: -1, 1416: -1, 322: -1, 323: -3, 26: 3, 27: -1, 32: -1, 34: -1, 291: 0, 39: 0, 40: -2, 297: -1, 298: -2, 299: 0, 53: -1, 186: -1, 1083: -1, 1087: 1, 1088: 1, 1089: 1, 1090: 3, 195: -1, 324: -1, 1059: -1, 1487: 1, 35: 0, 484: -1, 1124: -2, 233: -1, 114: 0, 1139: -1, 245: 1}
40={1089: 1, 1090: 1, 35: -2, 324: -1, 40: 2, 137: 1, 1579: -1, 529: -1, 245: -1, 105: 1, 1060: 1, 26: 2, 1083: -1}
41={1090: 1, 35: 0, 40: 1, 117: -1, 26: 1, 1083: -1}
42={640: -4, 1: -1, 162: -16, 163: -1, 4: -2, 72: -1, 11: 1, 12: -2, 2: -2, 144: 1, 3: -2, 58: -1, 122: -2, 958: -1}
43={530: 1, 23: 2, 24: 2, 25: 3, 26: 6, 27: 1, 1054: -2, 1055: -3, 1056: 1, 1057: 0, 1058: 2, 1059: 1, 1060: 1, 1062: 1, 39: 0, 40: 3, 1065: -1, 1066: 0, 562: -1, 1570: 1, 1589: -1, 1082: 1, 1083: 4, 1090: 2, 1603: -1, 1604: -1, 70: 1, 74: -2, 1207: 0, 98: 1, 1102: 0, 1103: 1, 1104: 1, 1105: 1, 1106: 4, 1109: -1, 1110: 1, 89: 1, 1114: -1, 1115: -1, 1116: -1, 1117: -1, 1118: -1, 1119: -1, 1120: -1, 1122: -4, 1211: 1, 1125: -1, 1134: 1, 1135: 0, 1139: 2, 1140: 0, 1141: 2, 1142: 1, 120: 0, 121: 2, 1146: -1, 38: -4, 127: 1, 128: -4, 129: 1, 130: 1, 1155: 1, 1156: 1, 1158: 2, 1159: 1, 1160: 1, 1161: 1, 138: 1, 141: 1, 146: 3, 1177: 3, 159: 1, 1194: -1, 1197: 1, 174: 1, 1200: -1, 1202: 0, 182: 1, 183: -1, 1208: 1, 186: 1, 187: -1, 1213: 1, 191: 1, 32: -3, 195: 2, 33: -1, 1225: -1, 1226: -1, 1227: -1, 34: -1, 35: 0, 1238: -2, 1145: 1, 36: 1, 1253: 1, 1255: -1, 233: 3, 1063: -1, 244: 0, 245: 0, 1274: -1, 1277: -1, 1284: -1, 1285: -1, 1286: -1, 1287: -1, 266: 1, 267: 1, 1154: 0, 1300: 1, 1307: 1, 284: 1, 1310: 1, 290: 1, 291: 5, 1316: -1, 1317: 1, 297: -3, 298: 1, 299: 2, 307: 3, 1332: -1, 1333: 1, 308: 1, 309: 1, 1345: 1, 1346: 1, 323: -2, 324: 1, 1356: 1, 1357: 1, 1358: 1, 343: 1, 1375: -1, 1379: 1, 364: 1, 1392: 1, 1401: 1, 1408: -1, 1409: -1, 322: 0, 1427: 1, 1428: 0, 31: 0, 1449: 1, 1450: 1, 436: 1, 484: -1, 1513: -1}
44={1111: -1, 524: -1, 525: -1, 1198: 1, 25: 2, 26: -2, 27: -2, 1565: -1, 1054: -1, 1055: -2, 1056: -3, 33: 2, 34: 0, 35: 2, 1060: -2, 37: 1, 38: -4, 39: 0, 40: 2, 1066: -2, 47: -1, 1075: 1, 1076: 1, 1077: 1, 1590: -1, 1591: -1, 1080: 0, 1081: -5, 1082: -5, 1083: 0, 1084: -1, 1085: 1, 1089: 1, 1090: 6, 1094: 1, 1608: -1, 1122: -5, 1102: -3, 1103: -1, 1104: -1, 1105: -6, 1106: -1, 1619: -1, 1109: -3, 1110: 1, 1209: 1, 91: -2, 1120: 1, 98: -2, 1211: 0, 1124: -2, 1125: -2, 1128: -1, 1129: 1, 1569: -1, 1134: -1, 1135: -1, 1136: 1, 1137: -1, 1138: -1, 1139: 1, 1140: -1, 1141: -3, 1142: 1, 1143: 1, 1144: -2, 1145: -3, 1146: -9, 191: 1, 128: -4, 1154: -1, 1157: 0, 1158: -1, 1159: -2, 1160: -2, 1161: -1, 138: 1, 1164: -2, 1167: 1, 146: 0, 195: -2, 1174: -3, 1177: 0, 155: -1, 1189: -1, 1192: 1, 1196: -1, 1197: 0, 174: -1, 1202: -1, 1205: -1, 182: -1, 1207: -1, 185: -1, 186: -1, 31: -1, 1214: -1, 117: -1, 32: 1, 1218: -5, 1219: -2, 1220: 0, 1221: 0, 1057: -4, 1228: 0, 1058: 2, 120: -1, 1059: 2, 121: -1, 1243: 0, 233: -4, 1266: -1, 244: -7, 245: -6, 1272: -1, 1273: -1, 1275: -1, 1278: -1, 1570: -1, 130: -1, 1296: -1, 1299: 1, 1301: -1, 1307: -1, 1308: -1, 291: -7, 292: 1, 1317: -1, 1318: 1, 297: -4, 298: 1, 299: 6, 1331: 1, 1333: -1, 53: -1, 322: -4, 323: -9, 324: -2, 1361: -1, 1363: 1, 342: 0, 1368: -1, 1372: 1, 114: 1, 364: -1, 877: -1, 371: -1, 1438: 1, 1452: 1, 1293: 1, 1486: 1, 1487: 1, 1495: -1, 481: -1, 187: -1}
45={1090: 2, 35: -1, 40: -1, 1059: -1, 53: 0, 117: 1}
46={416: 2, 35: -2, 1090: 1, 1123: -1, 1060: -1, 1222: -1, 40: -1, 324: -1, 484: -1, 1523: -1, 1139: 2, 1059: -1, 53: -2, 201: 0, 1124: 0, 26: -1, 27: -2, 117: 2}
47={1124: 1, 1090: 1, 1123: 1, 484: -1, 101: 1, 201: 1, 1523: -1, 1083: -1, 1059: -1, 53: -1, 1139: 1, 473: -1, 27: -2, 1244: -1}
48={1090: 1, 1059: -1, 1124: -1, 201: 1, 484: -1, 1083: -1, 1123: -1, 53: -1, 1139: 1, 473: 1, 27: -1, 1244: 0}
49={1542: -1, 307: 1, 1299: 0, 525: -1, 530: -1, 1198: 1, 1569: -1, 25: -1, 26: 12, 27: -1, 1564: -1, 1054: -6, 31: -2, 1056: 2, 33: -3, 1058: -1, 35: 6, 1060: 1, 38: -5, 39: 1, 40: 6, 1065: 0, 1066: -3, 1583: -1, 1074: 1, 1075: 1, 1079: -1, 1080: -4, 1081: 2, 1082: 3, 1083: 7, 1089: 1, 1090: 5, 1206: -1, 1122: -3, 1102: -1, 79: 0, 80: 0, 1105: -5, 1106: 1, 1109: 0, 1110: 1, 1111: -2, 100: -2, 91: -1, 1120: -3, 98: -1, 1211: -2, 1124: 0, 1125: -5, 1128: 1, 1129: -1, 1131: -1, 1133: -2, 1134: -3, 1135: -1, 1136: 1, 1139: 3, 1140: -2, 1141: 4, 1142: 0, 120: -2, 1145: 5, 1146: -5, 127: -1, 128: -2, 129: 1, 1154: -2, 131: 0, 1157: -2, 1158: -4, 1159: -2, 1160: -1, 1161: 1, 1163: -1, 1164: -1, 1174: -1, 151: -1, 1177: 2, 1178: 2, 1189: 0, 1190: -1, 1192: -3, 1194: -1, 1195: -1, 1196: -1, 174: 0, 1200: -1, 1202: -3, 1203: -1, 1204: -1, 1205: -2, 182: -1, 183: -1, 1208: 1, 185: 1, 186: 2, 187: 0, 1212: -1, 1213: 0, 1214: -1, 191: 0, 1217: -2, 1218: 1, 195: 3, 1222: 0, 1057: 2, 1228: -1, 34: 4, 1230: 1, 1144: 0, 1059: 3, 1239: -1, 1243: 1, 1251: 1, 233: -2, 244: 1, 245: 3, 1274: -1, 1275: -1, 1277: -2, 1570: -1, 1288: -1, 1289: -1, 1293: 1, 1294: -1, 1295: -1, 1155: -1, 1300: -1, 291: -3, 292: 2, 1317: 0, 297: -5, 298: -2, 299: 2, 563: -1, 308: 0, 309: 1, 137: 1, 1333: -3, 1344: 1, 322: -4, 323: -5, 324: 1, 130: -2, 1358: -1, 1360: -1, 1363: 1, 1364: -1, 341: 1, 343: -1, 344: -1, 1370: -1, 1372: -1, 1379: -1, 873: 1, 364: 1, 371: -1, 1397: 1, 386: -1, 1426: 1, 1428: -1, 1434: -1, 1438: -1, 1451: 1, 1452: 1, 1460: -1, 1461: -1, 1462: 1, 1566: -1, 117: 1, 32: -5, 1055: -2, 1567: -1, 1103: 1, 1501: -1, 1104: 1, 484: -1, 1513: -1, 1568: -1, 1534: -1}
50={256: -1, 130: 0, 260: -1, 1174: -1, 1158: -1, 1089: 1, 1160: -1, 1289: -1, 138: 0, 1165: -1, 529: 2, 530: 0, 195: -1, 174: -1, 1430: -1, 1177: 0, 25: -1, 26: 5, 27: 5, 1438: -1, 1439: -1, 32: -4, 34: 0, 291: -1, 1060: 3, 1542: -1, 38: -1, 39: -2, 40: 4, 297: -1, 298: -3, 299: 0, 1198: 1, 1416: -1, 306: 1, 307: -1, 1347: 1, 309: -1, 137: 1, 1161: -1, 186: 1, 1083: 3, 1213: 1, 1214: -1, 117: 2, 960: -1, 1059: 1, 322: -2, 323: -1, 1007: -1, 1221: 1, 1440: -1, 187: 1, 1228: -3, 1058: 1, 141: 0, 1104: -1, 1105: -5, 1106: -3, 35: 3, 105: 1, 1124: 1, 91: -1, 1082: -1, 1122: -1, 1123: 2, 1090: 2, 101: 1, 81: 1, 1128: 1, 233: 1, 1258: -1, 364: 2, 1393: 1, 240: -1, 1192: -1, 1139: -1, 244: -1, 245: 1, 1129: 1, 1145: -1, 1146: -2, 127: -1}
51={138: 0, 529: 1, 26: -2, 27: 0, 34: 1, 35: 3, 1060: 2, 40: -1, 177: -1, 1083: -1, 1059: 1, 1090: 3, 195: 1, 291: 1, 478: -1, 1123: 1, 1124: 1, 101: -1, 105: 1, 364: 1, 240: -1, 117: 2}
52={1059: 0, 1090: 1, 35: 2, 1124: 2, 101: -1, 1222: 2, 40: -1, 138: 1, 364: 1, 27: 1, 177: -1, 114: 1, 1123: 2, 53: -1, 1139: 1, 1060: 2, 26: -2, 1083: 0, 1309: 1, 1374: -1, 117: 3}
53={1090: 1, 67: -1, 484: 1, 40: 1, 529: -1, 35: 2, 1139: 1, 1124: 2, 1083: 1, 1084: 1, 1085: 1}
54={128: -2, 1154: -1, 1157: 1, 1121: -1, 1163: -1, 435: -1, 14: -1, 144: -3, 145: -5, 146: -1, 1091: -1, 20: 0, 21: -2, 22: -1, 1113: -2, 100: -1, 28: -2, 1053: -1, 1054: -2, 1055: 0, 1056: -1, 1185: -1, 291: 1, 36: -4, 37: -1, 38: -1, 297: -2, 327: -1, 174: -1, 304: -1, 307: -1, 30: -1, 1078: -7, 1079: -4, 568: -2, 1337: 1, 31: -1, 868: 1, 1216: 1, 1473: 1, 322: 0, 323: 3, 454: -1, 33: 1, 74: -1, 183: -1, 1100: -1, 1101: -3, 1102: 5, 1103: 4, 1104: 1, 156: -1, 1107: 0, 1109: 0, 1111: 3, 89: -2, 1114: -1, 1115: -4, 1116: -1, 130: 3, 1120: -1, 481: -2, 1122: -1, 1065: -1, 1431: -1, 1062: 1, 1169: -1, 872: -1, 233: -1, 1130: -1, 1131: -1, 873: -1, 1524: -1, 1141: 1, 119: 0, 120: -4, 122: -1, 126: -9, 127: -8}
55={388: -1, 1160: -1, 1161: -1, 529: 1, 26: -3, 27: -1, 1059: -3, 1060: 2, 40: 0, 291: -1, 1139: -1, 53: -2, 1082: -1, 1083: -11, 1084: -1, 245: -1, 1089: 1, 1090: -3, 67: 1, 585: -1, 1104: -1, 1106: -2, 35: -5, 1372: -1, 1123: -1, 1124: -5, 1129: -1, 877: -1, 83: -1, 117: -2}
56={388: -1, 137: 2, 67: 1, 1175: -1, 1176: -1, 26: -3, 27: -2, 35: -6, 1060: 0, 40: -1, 291: -1, 53: -6, 201: -1, 1083: -10, 1084: -3, 1085: -2, 245: -1, 1090: -2, 195: -1, 585: -1, 1059: -1, 1372: -1, 1374: 1, 1123: 0, 1124: -9, 101: -1, 364: -1, 877: -1, 1137: -1, 117: -1}
57={1090: 1, 1124: -3, 101: 1, 40: -1, 585: -1, 1244: -1, 182: -1, 1209: -1, 1176: -1, 484: -1, 26: -1, 1083: 0, 1084: 1, 1085: 1, 1060: 1}
58={1176: -1, 26: -1, 1059: -1, 1060: 1, 40: 0, 1580: -1, 53: -2, 182: -1, 201: -1, 1083: 0, 1468: -1, 1085: 1, 1086: 1, 1090: 0, 1222: 1, 585: -1, 1488: -1, 1489: -1, 1490: -1, 1491: -1, 1123: -1, 1124: -3, 369: -1, 114: -1, 1139: -1}
59={1124: -1, 1086: 1}
60={1124: -1, 1086: 1}
61={1086: 1}
62={1366: 1, 1347: 1, 1550: -1, 26: -1, 27: -2, 1054: -1, 1055: 0, 1056: 0, 1057: -1, 34: -3, 1059: 6, 1060: -2, 38: -1, 39: -5, 40: -7, 1065: 0, 1066: 4, 46: 1, 47: -1, 1077: 1, 1080: -1, 1081: -6, 1082: -3, 1083: 1, 1085: -1, 1089: -1, 1090: 7, 182: -1, 1094: 1, 1095: 1, 1622: 1, 98: -1, 1102: 1, 1103: 0, 1104: -1, 1105: 5, 1106: 2, 1619: -1, 1109: -4, 1110: -3, 1623: 1, 100: 1, 1210: -1, 1120: -1, 1122: 1, 1123: -3, 1124: -4, 1125: -1, 1128: -2, 1129: 0, 1134: -1, 1135: -3, 1136: -1, 1137: -2, 114: 1, 1139: 4, 1140: -1, 117: 1, 1142: -1, 105: -1, 1144: 1, 1145: -2, 1146: -7, 1215: -1, 128: -2, 1154: 1, 1157: 2, 1158: -1, 1159: 2, 1160: -1, 1161: -1, 1164: 1, 1165: -1, 1167: 0, 1168: -2, 195: -3, 1174: -1, 1177: -1, 155: -1, 1192: 1, 1197: -3, 1198: -4, 1202: -1, 1205: -1, 1206: 0, 1207: -1, 1208: -1, 1209: -2, 186: -1, 1211: -1, 1141: -2, 1216: 1, 32: -1, 1218: -3, 1219: 2, 1220: -3, 1221: 0, 33: -1, 1227: 1, 1228: 0, 1058: 4, 1229: 1, 1233: 1, 35: -1, 292: -1, 1243: -2, 1244: 1, 1254: 0, 1255: -1, 233: 1, 1258: 1, 1266: -2, 244: 0, 245: -4, 1274: -1, 1275: -2, 1277: 1, 1288: -1, 1289: 1, 130: -1, 1296: -1, 1301: -1, 1308: -1, 1310: -1, 291: -5, 1316: -1, 1317: -1, 1318: -2, 297: -1, 298: 0, 299: 0, 1337: -1, 1338: -1, 53: -1, 322: -2, 323: -1, 324: 1, 1353: -1, 1354: 0, 1355: -1, 1592: -1, 342: -1, 1372: -3, 1379: -1, 1138: 1, 1416: -1, 1602: -1, 1425: -1, 1427: -1, 1428: -1, 1429: 1, 1451: -1, 1453: 1, 526: -1, 1470: -1, 1471: -1, 1472: -1, 459: -1, 1487: 1, 473: 1, 1498: -1, 1499: -1, 1500: -1, 1504: -1, 1617: -1, 82: -1}
63={529: 1, 1560: 1, 26: -14, 27: -2, 32: -5, 1057: -2, 34: -3, 35: -15, 1060: 4, 38: 1, 39: -4, 40: -10, 1066: -2, 47: -2, 1584: -1, 1077: 2, 1081: -5, 1082: -7, 1083: -13, 1084: 0, 1085: 1, 1089: 1, 1090: -1, 67: 1, 1609: -1, 1610: -1, 1101: -1, 1105: -4, 82: -1, 1109: -1, 1110: -1, 100: 1, 1122: -1, 1123: -6, 1124: -12, 101: -2, 1128: 2, 1129: -3, 1135: -1, 1136: -1, 1137: -1, 114: 0, 1139: -4, 117: -3, 105: -1, 1145: -2, 1146: -4, 1150: -1, 130: -2, 1158: -1, 1159: -2, 1160: -2, 1161: -4, 138: -1, 141: -1, 1167: -1, 1168: -2, 1174: -1, 1177: -1, 1190: -1, 1192: 1, 1138: 0, 1198: -4, 182: 0, 1207: -1, 1208: -2, 1209: -2, 186: 0, 195: -5, 1220: -1, 1221: -2, 1222: -1, 33: -1, 1227: 1, 1228: -1, 1058: 0, 1230: 1, 1059: -1, 1243: -1, 1244: -1, 233: -3, 1258: 1, 244: 0, 245: -2, 1275: -2, 1277: 1, 1278: 1, 1289: 0, 1292: -1, 1303: -1, 1304: -1, 1305: -1, 1306: -1, 1310: -1, 291: 0, 1317: -2, 1318: -1, 295: -1, 297: -3, 298: -4, 299: -5, 1326: -1, 308: 1, 309: 1, 137: -2, 53: 0, 1344: -1, 322: -2, 324: -2, 1358: -1, 1359: -1, 342: -1, 364: -2, 877: -1, 1408: -1, 1409: -1, 1417: -1, 1418: -1, 1454: 1, 1455: 1, 1462: -1, 1463: -1, 1467: -1, 473: 1, 1498: -1, 1504: -1, 1505: -1, 1617: -1, 1106: -4, 1523: -1, 503: -1}
64={1159: -1, 1161: 0, 1418: -1, 1419: -1, 1420: -1, 1168: -1, 529: -1, 1373: -1, 26: -7, 27: -5, 1467: -2, 1311: -1, 1057: -1, 34: -1, 35: -22, 1060: 1, 40: -7, 299: -3, 47: -1, 53: -3, 309: -1, 138: 1, 137: -1, 1082: -1, 1083: -13, 1084: 3, 1085: 2, 245: -4, 1090: -4, 67: -1, 1220: -1, 1610: -1, 503: -1, 1106: 1, 1059: -4, 1244: -1, 186: -1, 1374: -1, 1123: -1, 1124: -10, 101: -3, 233: -2, 1258: 1, 364: -1, 877: -1, 1192: -1, 114: -1, 1139: -6, 117: -4, 1129: -2, 1275: 1}
65={896: 1, 1577: -1, 137: -2, 138: 1, 1420: -1, 1421: -1, 1168: -1, 529: 1, 473: -1, 26: -6, 27: -4, 1467: -1, 1183: -1, 1184: -1, 34: -1, 35: -21, 932: 1, 1447: -1, 40: -9, 1468: -1, 1578: -1, 299: -1, 1585: 1, 1374: 0, 53: -10, 182: -2, 186: -2, 1083: -18, 1084: 0, 1085: 0, 245: -1, 1440: 1, 1090: -10, 67: 1, 1222: -1, 1610: -1, 1059: -2, 1439: 1, 1124: -9, 1192: -1, 1244: -1, 1082: 0, 1246: -1, 1060: 0, 1563: -1, 1123: -4, 484: -2, 101: -3, 1576: -1, 1129: 0, 1259: -1, 364: -1, 877: 1, 1262: 0, 1448: -2, 114: -6, 1139: -8, 117: -2, 105: 0, 1275: 1}
66={138: 1, 1422: -1, 529: -1, 26: -3, 27: -1, 35: -2, 1060: -1, 40: -5, 299: -1, 53: -7, 1246: -1, 186: -2, 1083: 2, 1084: 1, 1085: 1, 117: 1, 1090: -7, 67: 0, 201: -1, 1244: 1, 1374: -1, 1123: 0, 1124: 0, 101: 2, 102: -1, 105: -1, 364: -1, 114: -3, 1139: -1, 245: -1}
67={896: -1, 1422: -1, 1423: -1, 1175: 1, 1176: 1, 26: -1, 1439: -1, 416: 1, 35: -2, 1060: -2, 1447: 1, 40: -1, 299: 1, 1456: 1, 53: -3, 1448: 1, 186: -1, 1083: -1, 1084: 2, 1085: 2, 319: -1, 1440: 0, 1090: -5, 182: -2, 1222: -1, 373: -1, 201: -1, 1183: 1, 484: -1, 1059: -1, 473: 2, 1244: 2, 1082: -1, 1374: -1, 1123: -1, 1124: -1, 101: 1, 102: 0, 1129: -1, 364: -1, 369: -2, 114: 0, 1139: -1, 117: 2}
68={32: -1, 33: -1, 130: -1, 291: 2, 38: -1, 297: -1, 1066: -1, 322: -1, 34: -1, 131: -1, 244: -1, 309: -1, 233: -2, 308: -1, 186: -1, 323: 1}
69={1091: 2, 1382: 1, 454: 3, 1383: 1, 1096: 3, 1097: 1, 14: 2, 463: 1, 1494: 1, 1114: -1, 5: -1}
70={1120: -2, 1122: -1, 1131: 0, 1252: 1, 118: 1, 1065: 1, 1163: 0, 1132: 1, 1133: 2, 1103: 4, 1104: 1, 1444: -1, 22: 1, 23: 1, 1337: -1, 1125: -1, 1054: 2, 1055: 0}
71={1157: -1, 1163: 1, 1164: -1, 1177: -3, 1178: 0, 1054: -2, 1055: -1, 1057: -1, 1316: 2, 1445: -1, 1318: -1, 1065: 1, 1066: 2, 1204: -1, 1080: 1, 1081: -1, 1089: 1, 1220: -1, 1352: -1, 1250: 1, 1102: -2, 1103: -2, 1104: -1, 1105: 2, 1364: -2, 1109: 0, 1252: -1, 1372: -1, 1120: 1, 1232: 1, 1122: 0, 1251: 1, 100: 1, 1125: 1, 1255: -1, 1131: 1, 1133: 1, 1134: -1, 1135: 0, 1136: -1, 1141: 1, 1142: 1, 1145: 1, 1146: 1, 1444: -1}
72={1550: 0, 1054: -2, 1055: -2, 1057: 1, 1058: 0, 35: 1, 1572: -1, 1573: -1, 1574: -1, 39: -1, 1065: 0, 1066: 4, 1587: -1, 1080: -2, 1083: -2, 1090: 0, 1315: -1, 1102: -1, 1103: -2, 1104: -1, 1105: 0, 1106: -1, 1109: 0, 1110: 1, 1623: 1, 1120: -1, 1122: 1, 1124: -1, 1125: -1, 1128: 0, 1131: -1, 1133: 1, 1134: 0, 1135: 3, 1136: 2, 1137: 2, 1138: 1, 1139: 2, 1141: -1, 1142: -1, 1143: -1, 1144: -2, 1145: -2, 1146: -3, 1154: 1, 1156: -1, 1157: -3, 1158: -1, 1159: -1, 1161: -1, 1164: -1, 1165: -1, 1177: -3, 156: -1, 1188: -1, 1198: 1, 177: -1, 1204: -1, 1209: 1, 1216: -1, 1217: -1, 1218: -1, 1219: 0, 1220: 0, 34: -2, 120: -1, 1059: -2, 1243: 1, 805: -1, 1251: 1, 1252: -1, 1253: -1, 1254: -2, 1256: 1, 1257: 1, 1258: 1, 1575: -1, 1260: -1, 241: -2, 1288: -1, 1290: -1, 1299: 1, 1301: -1, 1307: -1, 1308: -1, 1310: 1, 291: -2, 1316: 1, 1317: -2, 1318: 1, 297: -2, 1322: -1, 1337: -1, 1343: 1, 1344: 1, 323: -2, 1366: 1, 1370: 1, 1371: 1, 1372: 2, 356: -1, 1394: -1, 1427: -1, 1425: -1, 1347: -1, 1431: -1, 1445: -1, 1446: -1, 1451: -1, 1459: -1, 1500: -1}
73={130: 1, 1158: -1, 1218: 0, 1219: 2, 1556: -1, 1177: 1, 1062: 1, 1054: -2, 1055: -1, 1056: 1, 1057: 2, 1243: 0, 1190: 1, 39: 1, 40: 1, 1065: 0, 1066: -3, 1520: 1, 1522: -1, 815: -1, 1182: -1, 1519: 1, 1083: 2, 1090: 2, 323: 0, 1220: 0, 1093: 1, 1094: 1, 1136: 1, 1227: -1, 1102: -1, 1103: -3, 1104: 0, 1105: 2, 1106: 1, 1109: 2, 1241: -1, 1242: 0, 1115: -1, 1116: -1, 1120: -1, 1232: 1, 1122: 0, 1252: 1, 38: 1, 1126: 1, 1129: 1, 1131: 0, 1132: 1, 1133: 1, 1134: -1, 1263: -1, 1264: -1, 1521: 1, 1138: 1, 1140: -2, 1141: -1, 1142: -2, 233: 1, 1528: -1, 1145: 1, 1146: 3, 1277: -1}
74={529: 1, 530: -1, 25: -1, 26: -3, 27: 0, 32: 0, 1057: -1, 34: -2, 35: -3, 1060: -1, 39: 0, 40: -1, 1066: 0, 47: -1, 1081: -5, 1082: -3, 1083: -4, 1089: 1, 1090: -2, 1609: -1, 1105: 0, 1106: -1, 1109: -1, 1110: -1, 91: -1, 98: -1, 1123: 2, 1124: -1, 101: -1, 1129: -1, 1135: -1, 1136: -1, 1138: 1, 1139: -2, 117: 0, 119: -1, 1145: -1, 1146: -3, 128: -1, 130: -1, 1161: -2, 138: 0, 141: 0, 1166: -1, 1167: -1, 195: -8, 1177: 1, 1192: -1, 114: 1, 1198: 2, 1207: -1, 1208: -2, 1209: -1, 186: -1, 187: -1, 1213: 1, 1219: 1, 1220: -1, 1221: -1, 1222: -1, 33: -1, 1058: 0, 1059: -4, 233: 1, 244: -2, 245: -2, 1289: -1, 1309: 1, 291: -9, 1317: -1, 297: -2, 298: -2, 299: -1, 307: -1, 308: 1, 309: 1, 1344: -1, 322: 0, 324: -1, 1358: -1, 341: -1, 1372: 1, 364: -1, 877: -1, 1428: -1, 81: 1, 503: -1}
75={1090: 1, 35: -1, 1124: -1, 101: -1, 1222: 1, 105: -1, 1083: 1, 53: -1, 26: -1, 27: -1, 1084: 1, 1085: 1}
76={1090: -1, 27: -1, 101: -2, 1222: 1, 201: -1, 53: -1, 105: -1, 1083: -1}
77={105: -1, 1060: -1}
78={201: 1, 26: -1, 1060: -1, 117: -1, 1124: 1}
79={1219: -1, 1422: -1, 1299: -1, 1429: -1, 1177: -1, 26: -1, 32: -1, 35: -1, 34: -1, 1059: -2, 1318: -1, 1319: 1, 40: -1, 291: -1, 1066: -2, 1081: -1, 1324: -1, 1325: -1, 1326: -1, 1144: 1, 1082: -1, 1083: -2, 323: -1, 1220: -1, 1105: -5, 1106: -3, 1235: 2, 1236: 1, 1109: 1, 1366: -1, 1529: 1, 1372: -2, 1504: 1, 1122: -1, 1124: -1, 1135: 1, 1136: -3, 1138: 1, 1139: 1, 120: -1, 1145: 1, 1146: -2, 1322: -1}
80={145: -1, 11: -1, 165: -1}
81={11: -1, 12: -1}
82={4: -1, 12: -1}
83={1538: 1, 1539: 1, 1540: 1, 137: -1, 26: -2, 35: -1, 932: 1, 933: 2, 40: -1, 53: -3, 182: -1, 1083: -1, 1085: 1, 1090: 3, 67: 1, 1222: 1, 1059: -1, 1060: 1, 1244: -1, 1374: 1, 1123: 1, 1124: -4, 101: 0, 364: -1, 877: 1, 1262: -1, 1139: 1}
84={1090: -1, 1123: 2, 1124: 0, 26: -2, 137: -1, 364: -1, 1586: 1, 53: -1, 67: 1, 245: -1, 182: -1, 1060: 1, 186: -1, 1083: -2, 1244: 1, 1085: 1, 1246: -1, 117: 0}
85={896: 0, 201: 1, 137: -1, 138: -1, 26: -3, 1312: -1, 1313: -1, 1314: -1, 35: -1, 1060: 1, 40: 0, 1374: 1, 53: -2, 182: -1, 1289: -1, 186: -1, 1083: -2, 1084: -1, 1085: 0, 1440: -1, 1090: 1, 1545: 1, 585: -1, 473: 1, 1498: -1, 1244: 2, 1246: -1, 1123: -1, 1124: -1, 101: 1, 102: 1, 103: 1, 114: -2, 1139: -1, 117: 0}
86={130: 1, 131: 1, 1157: 1, 1158: 1, 1057: 1, 1143: 1, 1163: -1, 1164: -1, 1474: 1, 1475: 1, 1424: -1, 1169: -1, 195: 1, 26: 1, 27: 1, 156: -1, 1054: 0, 1055: 0, 1056: 0, 1219: 1, 1315: -1, 1062: -1, 1063: -2, 1064: 1, 1193: -1, 1066: 5, 1067: -1, 1457: -1, 1182: 0, 1078: -1, 1151: -1, 1365: -1, 1473: 1, 322: 2, 1091: -2, 1220: 1, 32: 1, 1099: -3, 1100: 0, 1101: 1, 1102: -1, 1103: 6, 1104: 4, 1109: 5, 1366: -1, 1111: 1, 1116: -2, 297: 1, 1120: -4, 1122: -2, 1252: -1, 1125: -1, 1255: -1, 1218: 1, 1130: -1, 1131: -2, 1133: 1, 1134: 1, 1140: -1, 1141: -1, 1142: -1, 1065: 2, 1146: -1, 38: 1, 298: 1, 127: 0}
87={128: 2, 130: 1, 131: 1, 1163: -1, 1177: 1, 156: -1, 1054: -1, 1055: 4, 1056: -1, 1057: -1, 1062: 1, 1065: 0, 1066: 2, 1182: -1, 1080: 0, 1213: 1, 322: 1, 323: 2, 1099: -1, 1102: -2, 1103: -1, 1104: 2, 1105: 2, 1109: 1, 1110: -1, 1116: -1, 1120: -1, 1122: -3, 38: 0, 1126: -1, 1127: -1, 1131: 2, 1142: 0, 1143: 1, 120: 2, 1146: 2, 119: -1}
88={130: 0, 131: 1, 1157: 1, 1158: 2, 1163: -1, 1293: 1, 195: 1, 1174: -1, 1177: -1, 1143: 1, 1054: -3, 1055: -3, 1219: -1, 1057: 0, 1058: -1, 291: 1, 1065: -2, 1066: -2, 174: -1, 1457: -1, 1079: -1, 1082: -1, 1216: 0, 1056: 0, 1218: 1, 323: 1, 1399: 1, 1102: 0, 1103: 2, 1104: -1, 1105: -2, 1109: 0, 1110: 0, 186: -1, 1120: -2, 1122: -2, 1154: -1, 1127: -2, 1131: -2, 1134: -1, 1135: 1, 1265: -1, 1138: -1, 1140: -1, 1142: 1, 119: -1, 120: -1, 1146: 1, 1277: -1, 127: -1}
89={1556: -1, 1557: -1, 1558: -1, 1559: -1, 26: -1, 1054: -4, 1055: -5, 1057: 1, 1058: -1, 1059: -1, 1062: 1, 40: 1, 291: -1, 1066: -4, 174: -1, 1082: -1, 1083: -1, 1090: 1, 1102: -3, 1103: -2, 1104: -2, 1105: -1, 1106: 1, 1109: -3, 1110: 3, 1111: -1, 1112: -1, 1116: -1, 1120: -2, 1122: -9, 1123: -1, 1124: -4, 1125: -1, 1127: -2, 1128: 0, 1131: -1, 1134: -2, 1135: -4, 1136: -2, 1137: 1, 1138: 1, 1139: 0, 1142: 0, 1143: 1, 1144: 2, 1145: 2, 1146: -1, 1155: -1, 1156: -1, 1157: 0, 1158: 0, 1159: 1, 1164: 0, 195: -1, 1174: -1, 1177: 0, 1178: 1, 156: -1, 1198: 2, 1205: -1, 1209: 1, 186: -1, 1218: 0, 1219: 1, 1220: 0, 1221: -2, 119: -1, 1234: 1, 35: -1, 1243: 1, 1246: -1, 1251: 1, 1252: -1, 1254: -1, 233: 1, 1260: -1, 1261: -1, 241: -1, 1266: -1, 1235: 2, 244: 1, 245: 0, 1065: -1, 1275: -1, 1293: 1, 1301: -1, 1315: -1, 1316: -1, 1317: -1, 1322: -1, 1324: -2, 1343: 1, 1364: 0, 1372: 1, 1377: -1, 1394: -2, 1422: -1, 1424: -1, 1265: -1, 1457: -1}
90={1090: -2, 1123: -1, 1124: -1, 1059: -1, 1060: -1, 1083: -1}
91={1158: 0, 1415: 1, 1163: -1, 1164: -1, 1219: 0, 1177: -1, 1055: -2, 34: -1, 1315: -1, 38: -1, 1066: -3, 1204: -1, 1216: 1, 1218: 0, 323: 1, 1527: -1, 1102: 0, 1103: -4, 1104: -3, 1105: -1, 1109: 1, 91: -1, 1120: -1, 1122: 1, 1251: -1, 1233: 1, 1386: 1, 1131: -2, 1132: -1, 1134: -1, 1138: 1, 1399: 1, 1144: -1, 127: -1}
92={128: -1, 1415: 1, 141: 1, 195: -1, 1177: -1, 26: -2, 27: 1, 1057: -1, 1315: -2, 1066: -1, 299: 1, 1081: 1, 1082: 1, 1083: 1, 322: -1, 323: -1, 1103: -1, 1104: -1, 1105: -2, 1106: -1, 291: -1, 1109: -1, 1467: 1, 1132: -1, 1134: -1, 1135: -1, 1136: -1, 120: -1, 298: 1, 127: -1}
93={1059: -1, 38: -1, 137: -1, 1106: 0, 1144: 1, 1145: 1, 26: -1}
94={1157: 1, 1158: 1, 1132: -1, 1133: 0, 1134: 1, 1103: -3, 1104: -1, 1102: -1}
95={1159: 0, 1160: 1, 1161: 1, 1164: -1, 1424: -1, 1425: -1, 1177: 1, 541: -1, 1056: 0, 1058: 1, 35: -1, 1060: 1, 1317: -1, 1063: -1, 1064: -1, 1449: -1, 1066: 1, 1198: -1, 1205: 1, 1208: 1, 1213: 1, 1089: 1, 1090: -1, 1222: 1, 71: -1, 1352: -1, 1226: 1, 1227: 1, 1102: 1, 1616: -1, 1105: 1, 1106: 2, 1364: -1, 1109: 1, 1499: -1, 1244: 1, 1122: 0, 1123: 2, 100: 1, 1125: 0, 1255: -1, 1128: -1, 1131: 0, 1133: 1, 1134: -1, 1135: -1, 1136: -1, 1265: 1, 1139: 1, 1140: 1, 1141: 1, 1142: 0, 1065: -1, 1144: -1, 1145: 0, 1146: 1, 252: -1, 253: -1}
96={145: -1}
97={1090: -1, 1059: -1, 1060: -1, 26: -1}
98={26: -1}
99={26: -1, 53: -1, 318: 1}
100={201: -1, 26: -1, 1124: -1, 114: -1}
101={1058: -1, 195: -1, 1124: 1, 1059: -1, 117: -1, 1177: -1, 26: -1}
102={35: -2, 98: -1, 291: -2, 1060: -1, 1082: -1, 1059: -1, 40: -4, 299: -1, 1090: 0, 27: 1, 1139: 1, 195: -2, 1123: -1, 1124: 0, 26: -6, 1083: -6, 1309: 1}
103={35: -1, 1090: 1, 1059: -1, 1124: -1, 101: -1, 529: -1, 40: -4, 137: -1, 299: -1, 364: 1, 1083: -3, 114: -1, 1123: 1, 53: -2, 1139: 1, 67: -1, 26: -6, 27: 0, 1084: -1, 1085: -1, 117: 0}
104={130: -4, 260: -1, 1161: -1, 1164: -1, 1090: -1, 195: -3, 1177: 1, 26: -2, 27: 0, 1144: -1, 1055: -1, 1057: 1, 291: -2, 295: -1, 40: 2, 297: -1, 1066: -2, 177: -1, 308: -1, 309: 1, 1081: 0, 1082: -1, 1213: 1, 322: -3, 323: -1, 1104: 1, 1105: -2, 1106: 1, 1122: -1, 1128: 0, 233: -1, 370: -1, 1143: 1, 120: -1, 1145: -1, 1146: 1, 1322: -2, 255: -1}
105={322: 2, 323: -1, 38: -1, 233: 2, 1109: -1, 119: -1, 1146: 1, 297: 2}
106={128: -1, 130: -1, 141: 1, 195: -1, 26: -1, 32: 0, 34: -1, 35: -1, 38: -4, 39: 0, 40: -1, 297: -3, 298: -2, 299: -1, 309: -1, 1081: 1, 322: -5, 323: -3, 1359: 1, 291: -2, 233: 0, 244: 0, 119: -1, 120: -1}
107={1059: -1, 1318: -1, 1126: -1, 1319: -1, 1320: -1, 1321: -1, 1232: -1, 1299: -1, 1083: 0}
108={1492: -1, 1090: -1, 1083: -1, 1060: -1, 1491: -1}
109={1159: 1, 1160: 0, 1161: 1, 1291: -1, 26: -1, 1055: -1, 1059: 0, 39: -1, 40: -1, 297: 0, 298: -1, 299: -2, 114: 1, 53: -1, 137: -1, 1082: 0, 1083: 0, 1090: -2, 1219: 1, 1220: 1, 1230: 1, 1105: -1, 1106: 1, 35: 3, 1109: -1, 1372: 1, 1373: -1, 1124: 0, 1254: -1, 1128: 1, 1138: -1, 1139: 1, 1145: -2, 1146: -1, 1066: -1, 1150: -1}
110={1177: -1, 1090: -1, 1123: 1, 1060: 1}
111={529: -1, 26: 0, 27: 2, 35: 0, 1060: 1, 40: -2, 299: 2, 182: 0, 1083: -8, 1084: -1, 1090: -2, 67: -1, 1222: 1, 1106: -1, 1059: -3, 1498: -1, 1505: -1, 1123: -3, 1124: -2, 101: 1, 364: 1, 114: 0, 1139: 2, 117: 0}
112={1166: -1, 26: 0, 27: -1, 35: -1, 1060: -1, 40: -1, 299: 0, 1455: 1, 1456: 1, 53: -1, 1081: -1, 1082: -1, 1083: 0, 1084: 1, 1090: -3, 1059: -2, 1209: -1, 1374: 1, 1123: 0, 1124: -3, 1258: 1, 364: -1, 114: -2, 1139: -2, 1146: -1}
113={35: -1, 1090: -1, 1059: -2, 1060: -1, 1082: -1, 40: 2, 1258: 1, 299: 1, 1183: 1, 1007: 1, 1456: 1, 1139: 0, 114: -2, 1123: -1, 117: 1, 182: -1, 1124: -4, 26: 0, 1083: -2, 1085: -1, 53: -2}
114={1090: 0, 35: 1, 1124: -1, 40: -1, 1007: 1, 114: 1, 1123: 0, 53: 2, 1498: -1}
115={1106: -1, 370: -1, 1081: -1, 1082: -1, 1179: 1, 1180: 1}
116={1123: 1}
117={1123: 1}
118={1083: -1, 1060: -1}
119={53: -1}
120={1090: -1, 35: -1, 1124: -1, 1317: -1, 1159: -1, 1138: -1, 1139: -1, 53: -1, 1083: -1, 1468: -1, 1469: -1}
121={35: -1, 1059: -1, 40: 1, 1139: -1, 117: 1, 26: 2}
122={962: -1, 1059: -1, 117: 1}
123={40: 1, 1083: -1, 1090: 1, 1059: -1, 35: -1}
124={1139: -1, 114: 1, 1083: -1, 484: -1, 1090: 1}
125={323: -1, 1124: -1, 195: -1, 291: -1, 1106: -1, 1139: 1, 1083: -2}
126={1083: -1, 1059: -1, 1124: -1}
131={26: -1}
133={1090: 1, 1059: -1, 932: 1, 1322: -1, 1394: -1, 1123: 1, 114: 1, 35: -1, 53: 1, 1530: 1, 1531: 1, 117: 1}
134={1129: -1, 186: -1, 35: -1, 1245: -1, 1246: -1}
135={114: -1, 35: -1, 53: -1}
136={1090: 0, 1123: -3, 1124: -3, 40: 0, 138: 1, 299: 1, 364: 2, 27: 1, 1139: 2, 114: -2, 1059: -1, 117: 1, 182: -1, 26: 1, 1083: -5, 1084: -2, 1498: -1, 53: -1}
137={1505: -1, 1090: -1, 35: 1, 40: 2, 138: 1, 364: -1, 114: 1, 53: -1, 1503: -1, 26: 0, 1083: -1, 117: -1}
138={40: 1, 138: 2, 1083: -2, 26: 1}
139={138: 1, 1083: 1, 1124: 1}
140={1314: -1, 1083: 1, 1124: 1, 1223: 1, 1191: 1}
141={137: 1, 26: 1, 1083: -2}
142={1123: -1, 1083: -2, 1084: -1, 1007: 1}
143={1090: 0, 1083: 1, 1124: 2, 101: -1, 1222: 1, 201: -1, 1123: 2, 1139: 1, 53: 1, 795: 1}
144={1090: 1, 67: -1, 1124: 3, 201: 1, 114: 1, 35: 1, 182: 1, 484: 1, 318: 1}
145={67: -1}
146={1505: -1, 1506: -1, 40: 1, 114: 1, 117: -1, 26: -1, 318: 1}
147={40: 1, 137: -1, 26: -1, 1059: -1, 117: -1}
148={1090: -2}
149={1090: -2}
150={1090: -2}
151={1090: -2}
152={1090: -1, 1083: -1}
153={26: -1, 1139: -1}
154={137: -1, 26: -1, 27: -1, 324: -1, 105: -1}
155={1083: -1}
156={1083: -1}
157={1083: -1}
158={1314: -1, 1083: 1, 1223: 1, 1191: 1}
159={1223: 1}
160={114: -1, 35: -1}
161={201: -1, 114: -1, 53: 0}
162={370: -1}
163={322: 0, 323: -2, 195: 1, 297: 1, 1363: 1, 1107: -1, 1230: 1, 1231: 1, 291: 2, 1178: 1, 26: 1, 1087: 1}
164={1104: -1, 323: -1, 873: -1, 1232: 1, 1178: 1, 26: 1}
165={1232: 1, 1144: 1, 1178: 1, 1104: -1}
166={1235: 1, 1236: 1, 1326: -1}
167={1236: 1}
168={1236: 1}
169={120: -1, 32: -2, 186: -1, 37: -1, 38: -2}
170={1120: -1, 322: 1, 1163: 1, 1062: 1, 1131: 1, 1134: 1, 1103: 0, 1102: 1, 1151: -1, 1115: -1, 156: -1, 1055: -1}
171={960: 1, 961: 1, 962: 1, 473: 1, 1007: 1}
172={1083: -1, 1082: -1, 1259: -1, 245: -1}
173={40: -1, 298: -1, 195: -1, 130: -1}
174={137: -1, 26: -2, 1198: 1}
175={1058: -1, 1059: 0, 137: -1, 34: -1, 1106: -1, 1145: -1, 27: 1, 575: -1}
176={1083: 1, 1059: 0}
177={1083: -1, 1059: -1}
178={1083: -1}
179={1083: -1}
181={35: -1}
183={1081: 1, 1146: 1, 1082: 1}
184={32: -1}
186={473: -1, 1244: -1}
187={138: 1, 101: 1}
188={416: -1, 1123: 1, 1124: 1, 53: -1, 117: -1}
189={416: -1, 1124: -1, 421: 1, 201: -1, 473: 2, 1244: 1}
190={32: -1, 322: 0, 323: -1, 38: -1, 297: 1, 873: -1, 120: -1}
191={1105: 1, 26: -1, 530: 1}
192={26: -1}
193={26: -1}
194={26: -1}
195={1327: 1, 1319: 1}
196={1144: 1, 1105: 1, 1083: -1, 1532: 1, 1533: 1}
199={1235: 1, 1326: -1}
200={1326: -1}
201={35: -1}
202={35: -1, 1159: -1}
203={1083: -1, 27: -1}
204={1124: 1, 114: 1, 26: -1, 1083: -1, 1084: -1, 1085: -1}
205={26: -1, 1124: 1, 53: 1, 1310: -1, 1085: -1}
207={130: -1}
208={40: -1, 130: -1, 27: 1}
209={130: -1, 1059: -1, 1198: -1}
210={32: -1, 1058: -1, 323: -1, 38: -1, 297: 1, 298: 1, 322: 1, 1104: -1, 1109: -1, 1081: 1, 1177: -1, 1146: 1, 1082: 1}
211={1057: -1, 1122: 1, 323: -1, 1066: -1, 1198: -1, 1105: -1, 1315: -1, 1110: -1, 186: -1}
212={1198: -1}
213={32: -1, 137: 1, 26: 1, 291: -1, 39: -1}
214={1058: -1, 34: -1, 1293: -1, 39: -1}
215={1058: -1}
216={32: -1, 1058: -1, 322: 1, 1082: 1}
217={1058: -1, 1059: -1, 130: 1, 39: -1, 40: -1, 322: 1, 245: 1, 186: 1, 1309: -1, 1310: -1}
218={1310: -1}
219={40: -1, 35: 1, 484: -1}
220={35: -1, 1124: -1, 1139: -1, 53: -1, 182: -1, 484: -1}
221={1124: -1}
222={1136: -1, 1315: -1, 1126: -1}
223={1321: -1, 1090: -1, 1083: -1, 101: -1, 1319: -1}
224={1319: -1}
225={1533: 1, 1319: -1}
226={35: -1, 1083: -1, 53: -1}
228={165: 1, 72: -2, 12: -1, 1067: 1, 1068: 1, 144: -4, 145: -2, 122: -2, 125: -1, 126: 1}
229={72: -3, 73: -2, 1068: 1, 12: -1, 144: -1, 145: -2, 126: -2}
230={1105: 1, 1325: -1, 1326: -1}
231={1326: -1}
232={1326: -1}
233={1326: -1, 1327: -1}
234={1440: -1, 1090: 1, 35: 2, 932: 1, 105: -1, 1262: 1, 1083: 0, 1059: 1, 1123: 1, 1124: 4, 26: -1, 27: -1, 1244: 1, 1060: 2}
235={1440: -1, 35: 1, 1090: 2, 1059: 0, 1124: 0, 101: 0, 40: -1, 105: -1, 1123: 1, 1139: 1, 53: -2, 1060: 2, 26: -1, 1083: 0, 1309: 1, 318: 1}
236={960: -1, 961: -1, 1090: 2, 1083: 2}
237={128: 2, 322: 1, 323: -2, 38: -1, 297: 1, 298: 1}
238={1126: -1}
239={1232: -1, 1126: -1}
240={1232: -1}
241={1232: -1, 1090: -1}
242={1232: -1, 1326: -1}
243={473: -1, 1124: -1}
244={473: -1}
250={32: -1, 40: -1, 484: -1, 39: -1}
251={114: -1, 484: -1, 53: -1}
252={40: -1, 1106: -1, 27: 1, 1467: 1}
253={1124: 1}
256={1220: -1}
257={1124: -1, 1220: -1}
258={1394: -1}
259={1395: -1}
260={1090: 1, 1059: 1, 114: 1, 35: 1, 53: 1, 26: -1, 1083: 1, 1244: 1}
261={1090: 1, 1123: 2}
262={1440: -1, 1123: 1, 35: 1}
263={137: 1, 795: 1, 53: -1, 1222: 1, 1123: 1}
264={40: 1, 1090: 1, 35: 1, 1124: 1}
267={1144: 1}
268={291: -1, 27: 1}
269={1105: -1, 1066: -1}
271={40: 2, 114: 1, 484: 1, 39: 1}
272={1090: 1, 53: 1}
273={53: 1}
274={201: 1, 1124: 1, 1289: 1}
275={26: 1}
276={1139: -1}
277={1139: -1}
278={1139: -1}
279={896: 1, 473: 1, 1139: -1, 1531: 1}
280={233: -1, 322: -1, 146: -1}
281={1090: 0, 35: 1, 40: -1, 53: 1, 1498: -1, 1083: 1, 1244: 1}
284={1509: 1, 126: 0, 166: -1}
285={35: -1, 1139: -1}
286={1083: -1}
287={35: -1}
288={27: 1}
289={1326: -1}
290={1326: -1}
291={1083: 1}
292={24: 1}
293={323: 1, 297: 1, 298: 1, 195: 1, 26: 1, 1083: 1}
294={896: 1, 1090: 1, 1374: 1}
295={297: -1, 322: -1}
296={322: -1}
297={32: 1, 38: 1}
298={530: 1}
299={1105: 1}
300={1245: -1}
301={1090: -1}
302={1492: -1}
303={1522: 1, 1068: 1}
304={1090: 1, 962: -1}
305={40: -1, 114: -1, 484: -1}
306={53: -1}
308={1322: -1, 27: -1}
313={1124: 1}
314={1124: 1}
315={1083: -1}
316={1322: -1}
317={1322: -1}
318={1440: -1, 35: -1}
319={114: -1, 35: -1, 53: -1}
320={1503: -1}
321={1506: -1, 1503: -1}
322={1506: -1}
323={1506: -1}
324={1510: 1, 1511: 1}
325={1511: 1, 1512: 1, 1513: 1, 1106: 1, 1202: 1, 1142: 1, 1065: 1, 1083: 1}
327={1145: 1}
328={1145: 1}
329={1145: 1}
330={1145: 1, 1090: 1}
331={195: -1}
332={195: -1}
333={1090: 1}
338={40: 1, 291: 1, 39: 1}
339={233: 1, 244: 1, 245: 1}
340={245: 1}
341={1090: 1}
344={873: -1}
345={873: -1}
347={297: 1, 322: 1}
348={1552: 1, 297: 1, 1291: 1, 1551: 1}
349={1066: -1}
350={1066: -1}
351={1066: -1}
352={1066: -1}
353={32: -1}
354={32: -1}
355={32: -1, 33: -1}
356={33: -1}
357={26: -1, 195: -1}
358={26: -1}
359={137: -1, 26: -1}
360={1327: 1}
361={1327: 1}
