1={1: -205, 2: -122, 3: -7, 162: 1, 273: 1, 696: -11, 58: 1}
2={1: -15, 2: -75, 3: -68, 4: 2, 11: 3, 12: -6, 162: 1, 273: 2, 274: 0, 696: -5, 58: -1}
3={640: 0, 1: -14, 2: -38, 3: -183, 4: 0, 72: 0, 169: -2, 11: -5, 12: -39, 813: -2, 125: 1, 273: -14, 274: -8, 275: -4, 958: -1, 696: 0, 1027: -1, 58: -133, 123: 0, 122: 2, 286: -1}
4={1027: -1, 4: -32, 5: -13, 6: 3, 777: -1, 11: 1, 12: -9, 14: 6, 144: 0, 145: -3, 274: -2, 275: -5, 276: 4, 278: -1, 1028: -1, 153: -2, 28: 2, 286: -3, 287: 1, 165: -1, 166: 0, 169: -133, 170: -5, 304: -1, 73: -1, 57: -1, 58: -142, 72: -3, 140: -1, 74: 1, 587: 1, 84: 1, 88: 1, 479: 1, 108: -1, 757: -3, 20: 0, 122: -2, 123: -17, 124: -13, 125: -3, 126: -2}
5={4: -6, 5: -26, 6: 6, 140: 0, 14: -1, 144: 1, 276: 0, 278: -3, 150: 1, 1028: -1, 153: -3, 28: 3, 286: -5, 287: 2, 169: -114, 170: -28, 171: -2, 57: -1, 188: -1, 72: 0, 73: -1, 587: 1, 84: 0, 479: 2, 108: -4, 752: -2, 757: -1, 119: -1, 20: -2, 122: -1, 123: -4, 124: -7, 381: 3, 126: -1}
6={733: 1, 387: -1, 5: -8, 6: 6, 7: -2, 140: 0, 14: -9, 375: 1, 20: -3, 278: -14, 279: -2, 68: -1, 154: 1, 28: 4, 669: 1, 286: -9, 287: -4, 674: 1, 806: -2, 552: 2, 169: -75, 170: -37, 171: -4, 172: -3, 942: 1, 29: 1, 816: 1, 157: 1, 57: -1, 351: -3, 188: 4, 192: 2, 193: 1, 196: -1, 325: -1, 327: 1, 72: 0, 73: -2, 587: 3, 333: 1, 156: 2, 84: -2, 85: -1, 603: -3, 604: 1, 605: 1, 479: -1, 352: -3, 59: 2, 60: 1, 108: -7, 210: 1, 752: -1, 150: 6, 374: 2, 119: -1, 122: -1, 124: 1, 381: 3, 382: 3}
7={4: -1, 5: -5, 6: 0, 7: 4, 8: 0, 9: -4, 10: 0, 13: -1, 14: -4, 15: -1, 19: 1, 20: -2, 21: -2, 22: -2, 943: 1, 28: 4, 29: 4, 30: 0, 36: 1, 37: 1, 552: -1, 41: -1, 45: 0, 558: 1, 559: -1, 561: -1, 59: 0, 60: 1, 61: 2, 62: 4, 684: 1, 68: -2, 69: -1, 73: -1, 587: -1, 588: 1, 594: 0, 595: -3, 84: -20, 85: -12, 88: -1, 603: -1, 604: -1, 605: -1, 108: -16, 621: 0, 110: -1, 111: 1, 112: -1, 113: -1, 118: 1, 633: -1, 644: -1, 646: 1, 140: -3, 142: -3, 655: 1, 146: 1, 147: 1, 148: 1, 661: -1, 150: -2, 154: 1, 667: 1, 156: 0, 669: -1, 670: -1, 169: -4, 170: -15, 171: -14, 172: -14, 174: 1, 178: 0, 698: 1, 188: -3, 703: 1, 192: 1, 193: 2, 196: -1, 197: -2, 198: -2, 200: -1, 210: -3, 216: -2, 217: -1, 732: -2, 733: 1, 227: -1, 742: -1, 753: -1, 246: -1, 759: 1, 248: 0, 251: -1, 255: 1, 784: -1, 278: -5, 279: -5, 47: -1, 286: -3, 287: -2, 804: 1, 806: -1, 296: -1, 313: -2, 314: -1, 321: -1, 327: -1, 332: -1, 333: -1, 335: 1, 346: -1, 143: -2, 351: -3, 352: -8, 353: -1, 366: -1, 374: -1, 375: -2, 376: -3, 381: 1, 382: 1, 383: -1, 903: 1, 924: 1, 666: 1, 942: 1, 157: 0, 944: 1, 945: 1, 946: 1, 1002: -1}
8={642: -1, 643: -1, 644: -1, 6: 0, 7: 0, 8: -1, 9: -6, 10: -2, 111: -2, 140: 3, 13: -3, 14: 1, 143: -1, 216: 1, 147: 1, 169: 1, 321: 1, 278: 3, 279: 2, 24: -1, 559: 0, 28: -2, 29: -1, 287: -1, 676: 0, 677: -1, 296: -1, 156: -1, 170: -1, 172: -1, 45: -1, 558: -1, 157: 0, 178: -1, 183: -1, 56: 1, 313: -1, 61: 1, 62: 3, 63: 1, 192: -1, 193: -2, 118: 1, 327: -1, 200: 0, 332: -1, 74: -1, 375: 0, 76: -1, 333: -1, 335: -1, 594: 1, 595: -1, 84: -9, 85: -2, 214: -1, 804: 1, 88: -5, 217: -2, 220: -1, 37: -1, 351: -3, 352: -4, 353: -1, 668: 1, 732: -1, 761: 1, 142: -1, 108: 2, 879: 1, 552: 0, 246: -2, 247: -1, 248: -1, 148: 3, 635: 1, 382: 1}
9={642: -1, 635: 1, 9: -3, 10: 2, 140: 1, 13: -3, 142: 0, 143: -1, 1042: 1, 147: 0, 278: 2, 279: 1, 24: -1, 154: -1, 676: -2, 677: -1, 556: -1, 558: -2, 699: -1, 61: -1, 62: 0, 192: -1, 193: 1, 955: 1, 594: 0, 595: -2, 84: -1, 14: -2, 217: -1, 605: -1, 351: 0, 352: -5, 227: 1, 108: -3, 111: 2, 880: 1, 805: 1, 127: -1, 85: -3}
10={128: -1, 704: 1, 898: 1, 259: -1, 900: 1, 645: 0, 1030: 1, 775: -1, 264: 1, 9: -4, 10: -1, 13: -5, 14: -2, 655: 1, 656: 1, 19: -1, 148: 1, 558: -1, 279: 2, 24: 1, 29: -1, 214: 1, 112: 1, 359: 1, 677: -1, 113: 1, 193: -1, 263: 1, 556: -1, 45: -2, 46: -1, 559: -1, 830: -1, 699: 0, 700: -1, 62: 2, 703: -1, 192: -1, 321: -2, 383: -1, 200: 0, 247: 1, 718: -1, 719: -1, 721: -1, 210: -1, 739: -1, 84: -1, 142: 1, 86: -1, 121: -1, 216: -1, 217: -1, 143: 2, 127: -1, 351: 1, 352: -1, 353: -1, 98: -1, 227: -1, 612: -1, 613: -1, 614: -1, 615: -1, 616: -1, 357: -1, 235: 1, 111: 0, 880: 1, 881: 1, 147: 1, 805: 1, 758: -1, 759: -1, 633: -1, 634: -1, 763: -1, 899: 1, 85: 0}
11={849: -1, 264: 1, 9: 0, 13: 0, 721: -1, 56: -1, 830: -1, 383: -1}
12={641: -1, 257: 1, 264: 1, 10: -1, 13: 1, 143: -1, 19: -1, 24: 1, 803: 1, 82: 2, 84: -1, 85: -1, 86: -1, 600: 1, 601: 1, 221: 1, 225: 1, 739: -1, 229: -1, 750: -1, 111: -2, 112: 1, 248: 1}
13={264: 1, 137: 1, 138: -1, 656: -1, 19: -1, 277: 1, 25: 0, 26: 0, 416: -1, 802: 1, 803: 1, 679: -1, 40: -1, 300: 1, 432: -1, 265: 1, 826: -1, 827: -1, 828: -1, 829: -1, 373: -1, 201: -1, 459: -1, 721: -1, 82: 1, 83: -2, 86: -1, 601: 1, 272: 2, 739: -1, 849: -1, 105: -1, 106: -1, 750: -1, 111: -1, 369: -1, 117: -1, 533: -1}
14={225: 1, 258: 1, 229: -1, 106: -1, 107: -1, 300: 1, 13: -1, 373: -1}
15={258: 0, 875: -1, 47: -1, 517: -2, 134: 1, 263: -1, 136: -1, 265: -2, 111: -1, 268: -1, 874: -1, 526: -2, 271: 1, 272: 0, 536: -1, 19: -1, 532: -2, 277: -2, 790: -1, 25: -1, 24: 0, 665: -1, 751: -1, 797: 1, 416: -1, 545: 0, 418: -4, 35: -3, 549: 1, 550: 1, 369: -2, 680: 1, 638: -2, 812: -1, 45: -3, 46: -1, 413: -1, 547: 1, 300: -3, 702: 1, 373: -3, 320: -1, 736: 1, 417: -1, 795: 1, 857: -1, 459: -2, 546: -1, 720: -1, 721: -1, 82: -2, 83: -1, 472: 1, 601: -1, 602: -1, 475: 0, 221: 1, 223: -1, 224: 0, 225: -1, 40: -1, 228: -2, 101: -2, 102: -1, 103: -16, 744: 0, 105: -2, 618: -1, 107: 1, 622: -4, 623: -6, 624: -7, 360: 1, 518: -1, 117: 1, 631: -1, 62: -1, 250: -1, 106: -2, 264: -1, 639: -2}
16={133: -1, 518: -1, 136: -2, 265: -2, 138: -1, 139: -1, 19: -1, 790: -1, 536: -1, 665: -2, 795: 1, 796: 1, 797: 1, 517: -1, 416: 0, 545: 1, 418: -3, 27: -1, 420: -1, 369: -1, 680: 1, 812: 0, 45: -1, 47: -1, 53: -1, 300: -1, 825: -1, 954: 0, 117: 0, 320: -1, 736: 1, 83: -1, 417: -1, 546: 0, 847: 1, 721: -1, 82: -2, 35: -2, 472: -1, 857: -1, 602: -1, 475: -1, 990: -1, 991: -1, 224: -1, 225: -1, 419: -1, 101: -1, 102: -1, 103: -18, 744: 1, 105: -1, 106: -2, 107: -7, 749: -1, 622: -1, 623: -6, 624: -6, 40: -1, 243: -1, 373: -8, 632: 0, 250: 1, 618: -1, 639: 1}
17={2: 2, 3: -1, 4: -2, 5: 0, 11: 0, 12: -17, 14: 2, 145: 1, 274: 0, 275: -2, 20: 1, 286: 1, 169: 10, 58: -20, 454: -1, 72: -1, 73: 1, 74: 1, 276: 1, 122: 1, 123: -5, 124: -2, 125: 2, 126: 1}
18={642: 0, 387: 0, 1028: -1, 5: -2, 6: 0, 7: -2, 8: -1, 236: 1, 10: 2, 733: 1, 140: -3, 14: -1, 621: 1, 784: -1, 643: 1, 148: 1, 149: -2, 278: -13, 279: -5, 154: 4, 28: 5, 29: 3, 150: 2, 287: -1, 674: -3, 675: -1, 646: 1, 666: 1, 210: 1, 169: -26, 170: -18, 171: -1, 172: 1, 814: 1, 669: 1, 178: 2, 286: -7, 313: -1, 351: -1, 188: 6, 62: 1, 192: 6, 193: 8, 587: -1, 196: 1, 197: -1, 198: 0, 119: -1, 332: 3, 333: 6, 334: 1, 22: -1, 156: 5, 595: -2, 84: -4, 142: -2, 603: -4, 732: -2, 605: 1, 479: -3, 352: -1, 59: 4, 681: 1, 108: -8, 594: -1, 157: 1, 147: -1, 374: 3, 375: 0, 120: -1, 21: -2, 381: 1, 382: 3, 383: -1}
19={4: -1, 5: 10, 6: -1, 11: -3, 12: 5, 14: -1, 15: 1, 144: -1, 145: -2, 276: 0, 278: -3, 153: -1, 169: 2, 170: 1, 566: -1, 73: -1, 72: -1, 140: -1, 84: 1, 108: -6, 41: 1, 20: 3, 122: -3, 123: -3, 124: -12, 125: -1, 126: -2}
20={387: 1, 4: -2, 5: -3, 6: -6, 7: -1, 8: -1, 11: -1, 140: -3, 14: -5, 15: 1, 144: 0, 145: -2, 148: 1, 278: -7, 279: -2, 156: 0, 157: 1, 150: 0, 287: 0, 674: 0, 675: 1, 37: -1, 169: -1, 170: -2, 171: -1, 172: 1, 142: -1, 178: -1, 286: -1, 88: -1, 698: 1, 188: -2, 192: -1, 193: -1, 196: -1, 197: -1, 198: 1, 72: -1, 73: -1, 587: -1, 333: -1, 28: -2, 210: -2, 84: -4, 334: -1, 313: -1, 216: -1, 89: -1, 20: 3, 352: 0, 108: -11, 12: -1, 382: 1, 374: 0, 375: -1, 276: -1, 122: -2, 124: -6, 381: -1, 126: -2}
21={770: 1, 4: -1, 5: -3, 6: -2, 140: -2, 142: 2, 88: -1, 148: 1, 21: -1, 278: 2, 279: 1, 22: 1, 156: -1, 169: -3, 170: -4, 171: -3, 172: -2, 174: -1, 334: -1, 59: -1, 188: 1, 61: -1, 197: -2, 73: -3, 74: -1, 587: -1, 28: 1, 210: -2, 41: -1, 84: -5, 85: -1, 854: 1, 216: -1, 603: -1, 351: -1, 352: -1, 60: -1, 363: -1, 108: -6, 853: 1, 374: -1, 119: -1, 376: -1, 852: 1, 127: -1, 124: -3, 381: 1, 126: -2, 661: -1}
22={192: -1, 9: 1, 108: -1, 210: -1, 84: -1, 85: 1, 22: 1, 23: 1, 25: 1}
23={88: -1, 681: -1, 359: 1}
26={13: 1}
27={225: 1, 296: -1, 9: -2, 396: -1, 45: 1, 13: 0, 656: 1, 24: 1}
28={258: -1, 259: -1, 598: -1, 648: -1, 300: -1, 10: 0, 535: 1, 13: -2, 782: -1, 685: -1, 656: 2, 24: 0, 19: -1, 532: 1, 750: -1, 534: 1, 663: -1, 664: -1, 26: -1, 111: -1, 29: -1, 88: -2, 31: -1, 32: -2, 161: -1, 418: 1, 35: 2, 416: 3, 39: -1, 296: -1, 681: -1, 682: -1, 683: -1, 684: -1, 45: -1, 686: -1, 47: -2, 27: 1, 51: 1, 155: -2, 53: 1, 680: 1, 52: 2, 703: 1, 117: 1, 317: 1, 62: -2, 319: -1, 705: -1, 272: 1, 417: 1, 672: 1, 459: 1, 923: -1, 802: -1, 1037: 1, 82: -4, 83: 3, 214: -1, 600: -1, 228: 0, 91: -1, 221: -1, 702: 1, 224: 1, 225: 1, 939: 1, 484: 1, 101: 1, 102: 0, 103: -1, 107: -1, 622: 0, 623: 0, 624: 1, 113: -1, 626: -1, 627: -1, 628: -1, 318: -1, 630: -1, 940: 1, 46: -1, 831: 1, 938: 1}
29={258: -1, 802: -1, 265: 1, 13: -1, 526: 1, 656: 1, 88: -1, 658: -1, 659: -1, 532: -1, 24: 2, 26: -1, 751: -1, 413: 0, 416: 1, 545: 1, 418: 1, 547: 1, 421: 1, 39: -1, 680: 2, 45: -1, 47: -1, 432: -1, 52: 0, 53: 2, 702: 1, 831: 1, 32: -1, 228: -1, 417: 1, 201: 1, 373: 1, 459: 0, 930: -1, 82: -2, 83: 1, 472: 1, 740: 1, 225: 3, 484: 1, 741: 1, 102: -1, 103: 1, 745: -1, 746: -1, 107: -1, 622: -1, 623: 0, 624: -1, 40: -1, 117: 1, 631: 1, 106: -1}
30={107: 2, 47: -1, 618: -1, 136: -1, 265: 3, 139: -1, 268: -1, 13: -1, 271: -1, 272: -1, 472: 2, 532: 1, 223: 1, 536: -1, 155: -1, 797: 1, 930: -1, 416: 3, 417: 1, 418: 4, 35: -2, 420: 1, 421: 1, 680: -1, 300: -2, 45: -3, 46: -1, 743: -1, 547: 1, 611: -1, 52: -1, 53: 1, 264: -1, 863: 1, 373: 0, 864: 1, 545: 1, 546: -1, 82: -3, 83: 0, 596: -1, 597: -1, 24: 1, 728: -1, 857: -1, 474: 1, 475: 1, 638: -1, 222: 1, 101: 0, 224: -1, 225: 2, 738: 1, 739: 1, 228: -2, 741: 1, 102: -2, 231: -1, 105: 2, 106: 1, 103: -6, 303: -1, 850: -1, 623: -1, 624: -1, 117: 1, 631: -1, 413: 0, 763: -1, 764: -1, 765: -1, 766: -1}
31={517: 2, 518: 2, 136: -4, 265: 0, 138: -1, 139: -2, 19: -1, 416: -2, 417: -2, 418: 3, 35: -2, 420: 1, 421: 1, 935: -1, 680: 1, 300: -1, 45: -1, 46: -1, 303: -2, 264: -1, 611: -1, 53: 2, 117: -1, 320: 1, 224: 1, 706: -1, 201: 1, 459: -1, 930: -1, 82: -2, 739: 1, 472: -1, 857: -1, 602: -1, 223: 1, 864: 1, 866: -1, 867: -1, 484: 1, 101: -2, 102: -4, 103: -6, 107: 0, 623: 0, 624: 0, 369: -2, 373: 2, 632: -1}
32={1028: -1, 5: 1, 6: 0, 140: -1, 14: 1, 276: 1, 278: 6, 279: 2, 156: 1, 150: 1, 287: 1, 674: 1, 169: -14, 170: 0, 286: -3, 188: 0, 332: 1, 28: 0, 210: -1, 84: -2, 479: 0, 108: 0, 123: -1, 124: -3, 126: -2}
33={1025: -1, 5: 0, 6: -6, 7: -2, 8: -4, 9: 1, 10: -1, 13: -1, 14: -6, 15: -3, 600: 1, 19: 3, 22: -1, 23: 0, 28: -4, 29: 5, 603: -2, 552: -3, 556: 1, 558: -6, 559: -4, 1032: -1, 50: 2, 59: -1, 60: 5, 61: 5, 62: 17, 578: -1, 68: -2, 69: -2, 865: 1, 589: 0, 594: -2, 595: 1, 84: 4, 85: 3, 598: 2, 599: 1, 88: -2, 91: -1, 604: -1, 605: 0, 700: 1, 108: 2, 621: 2, 111: -1, 113: -1, 118: -1, 119: -1, 120: -1, 121: -1, 635: 1, 642: 1, 643: -1, 620: -1, 791: -1, 140: -3, 142: -3, 143: -1, 146: 0, 147: 0, 148: 5, 150: -3, 663: 1, 664: 1, 708: -1, 154: -1, 155: 1, 156: 6, 669: 3, 670: 1, 671: 1, 674: -3, 675: -3, 676: 1, 677: 1, 169: -7, 170: -6, 171: -7, 172: -1, 178: 3, 698: -2, 699: 1, 188: 2, 191: -1, 192: 2, 193: 4, 706: 1, 707: -1, 196: -1, 197: -3, 198: -1, 199: 1, 200: -6, 210: -1, 726: 1, 216: -4, 217: -3, 220: 1, 733: 1, 227: 11, 742: -2, 236: 1, 753: -1, 758: 1, 247: -2, 776: -1, 786: -1, 789: -1, 278: -17, 279: -22, 286: -1, 287: -3, 288: -1, 296: -5, 732: -3, 816: 1, 313: 1, 965: -1, 832: 1, 321: 0, 652: -1, 332: -2, 333: 1, 334: -2, 335: -4, 336: -2, 345: -1, 351: -15, 352: -9, 353: -2, 363: -1, 365: -3, 366: -2, 374: -3, 375: -5, 376: -3, 381: 3, 382: -2, 383: -2, 387: -1, 920: 2, 924: 1, 666: 1, 415: 1, 157: 7, 436: -1, 437: -1, 955: 2, 444: -1, 445: -1, 246: -2, 966: -1, 967: -1, 968: -1, 969: -1, 970: -1, 971: -1, 972: -1, 973: -1, 477: -1, 479: -1, 488: -1, 82: 1, 681: 1}
34={733: 1, 5: 0, 6: 0, 7: 1, 8: -3, 9: -9, 10: -8, 13: -5, 14: -5, 15: -1, 600: 1, 18: -1, 19: 14, 20: -2, 21: -4, 22: -6, 24: 0, 28: -3, 29: 2, 30: -1, 31: 0, 545: 1, 546: 1, 603: -1, 37: 1, 532: 1, 552: 1, 41: -1, 556: -1, 45: 0, 558: -5, 559: -5, 50: 3, 51: 2, 52: 1, 56: 0, 948: 1, 60: 1, 61: 0, 62: 4, 684: 1, 68: 0, 581: 1, 70: -1, 82: 9, 83: 3, 84: -10, 85: -1, 86: -2, 599: 2, 88: 4, 91: -1, 605: -4, 606: -1, 108: -3, 621: -1, 110: -4, 111: -3, 112: -1, 113: -2, 117: 2, 118: -1, 633: 1, 126: -1, 704: 2, 644: -2, 649: -1, 140: -5, 142: -2, 143: -4, 147: 0, 148: 4, 149: -1, 150: -1, 69: -1, 154: -7, 155: 3, 156: -3, 669: 0, 670: -1, 671: 1, 676: -2, 677: -4, 625: -1, 169: -2, 170: -2, 171: -2, 172: -5, 173: -1, 174: 1, 697: -1, 698: 0, 699: -3, 188: -1, 703: 3, 192: 2, 193: 3, 197: -6, 199: -3, 200: -3, 109: 1, 210: -1, 724: -1, 726: 1, 216: 1, 217: -1, 220: 1, 598: 0, 227: 5, 228: 0, 745: 3, 236: 2, 237: 2, 750: -1, 242: -2, 758: 0, 247: -1, 248: 0, 251: -1, 764: -1, 765: -1, 256: -1, 769: -1, 258: 0, 259: 0, 266: -1, 267: -1, 271: -1, 785: -1, 278: -4, 279: -8, 47: -2, 286: -1, 287: -1, 802: -1, 296: -2, 732: -1, 814: -1, 815: 1, 816: 1, 313: 0, 314: -1, 321: 0, 327: -4, 328: -1, 332: 0, 333: -1, 334: -1, 335: -2, 336: -1, 337: -1, 655: 1, 861: -1, 351: -6, 352: -5, 865: -1, 354: -1, 358: -1, 361: -1, 363: -1, 365: 0, 366: -1, 374: 2, 375: -1, 376: -3, 381: 1, 383: 0, 1039: 1, 663: -1, 920: -1, 410: 1, 924: 1, 666: 1, 926: 1, 927: 1, 416: 2, 417: 1, 667: 1, 157: 2, 946: 1, 947: 1, 436: -1, 445: -1, 246: 1, 759: 0, 467: -1, 477: 0, 992: -1, 993: -1, 488: -1, 594: 0, 496: 1, 595: -2, 681: -1, 510: 1}
35={768: -1, 5: -1, 9: -6, 10: -8, 599: 3, 13: -7, 14: 0, 527: -1, 1040: 1, 88: -1, 19: -4, 22: -1, 24: -2, 25: -2, 28: -1, 29: -1, 69: 1, 31: 0, 35: -1, 1041: 1, 37: 1, 552: 1, 556: 0, 45: -1, 559: -2, 561: -1, 50: 2, 51: -1, 52: 2, 53: 1, 1034: -1, 62: -2, 684: 0, 581: -1, 70: -1, 82: 3, 595: -1, 84: -7, 85: -6, 86: -2, 87: -1, 600: 1, 91: -2, 604: -1, 605: 0, 606: -1, 685: 1, 103: 1, 108: -5, 111: -6, 112: -1, 113: -4, 626: -1, 627: -1, 118: -1, 119: -1, 121: 0, 644: 0, 137: 1, 650: -1, 140: 0, 142: -2, 143: -1, 657: 1, 146: -2, 147: -2, 148: -3, 663: -1, 664: -1, 154: -1, 155: 0, 156: 1, 669: 1, 671: -1, 672: 1, 677: -1, 172: -2, 173: -1, 174: -1, 687: -1, 698: 1, 699: -2, 702: 1, 703: 1, 192: -1, 193: -1, 200: -6, 724: -1, 217: -1, 598: 2, 222: 1, 227: 5, 228: 3, 742: -1, 748: -1, 237: 2, 246: -1, 247: -3, 248: -1, 761: 0, 762: 1, 256: -1, 258: -1, 259: 0, 772: 0, 262: -1, 776: -1, 267: -1, 270: 1, 271: 1, 785: -1, 279: 1, 792: 1, 47: -3, 287: -1, 802: 1, 296: -2, 814: -1, 815: -1, 832: 1, 321: -1, 326: -1, 327: -3, 328: -1, 330: -1, 334: -2, 335: -1, 336: -2, 655: 1, 351: -2, 352: -5, 358: -1, 366: -2, 370: -1, 382: 0, 383: -1, 236: 3, 1039: 1, 400: -1, 913: 1, 917: 1, 918: 1, 919: -1, 921: -1, 410: -1, 924: 1, 927: 1, 928: 1, 929: 1, 930: 1, 526: 3, 445: -1, 967: -1, 759: -1, 467: -1, 250: -1, 488: -1, 1002: -1, 1003: -1, 496: 1, 221: -1, 83: 2, 477: 1, 510: 1}
36={1024: -1, 1025: -1, 1026: -1, 86: -1, 8: -1, 9: -6, 10: -10, 599: 1, 13: -10, 526: 2, 527: -1, 88: -3, 19: 1, 20: 1, 21: 1, 534: -1, 24: -8, 25: 2, 26: 0, 27: -1, 28: -1, 29: 1, 31: -1, 32: -1, 34: -1, 35: -6, 1041: 2, 37: -2, 38: -1, 39: -1, 40: 0, 556: -3, 45: -6, 46: 0, 47: -8, 49: -1, 50: -3, 51: -3, 52: -3, 53: 2, 56: -3, 61: -1, 62: -5, 63: -1, 69: -1, 70: -1, 78: -1, 82: -4, 595: -1, 84: -1, 85: -2, 598: -1, 87: -1, 600: 5, 601: 2, 770: 1, 91: 0, 605: 0, 606: -2, 607: -2, 608: -1, 685: 1, 98: -1, 611: 1, 101: -5, 102: -5, 103: -2, 105: -1, 106: 1, 107: 1, 108: -1, 622: 1, 111: -18, 112: -4, 113: -14, 627: -1, 117: 3, 118: -1, 631: 0, 771: 1, 121: 0, 638: -1, 686: 1, 643: 1, 644: -1, 22: 1, 136: 1, 137: 1, 138: 1, 791: -1, 140: 4, 653: -1, 142: 1, 655: -1, 656: -2, 657: -1, 146: -1, 963: -1, 148: -1, 663: -3, 664: -2, 665: -2, 154: -1, 155: -3, 669: -1, 672: 0, 624: -1, 602: -1, 677: 0, 678: -1, 679: 1, 680: 1, 682: 1, 173: -1, 174: -1, 687: -1, 688: -1, 179: -1, 758: -1, 183: -1, 184: -1, 697: -1, 699: -1, 700: -1, 701: -2, 702: 1, 703: -1, 193: 0, 706: 1, 532: -1, 200: -5, 201: 2, 120: -1, 724: -1, 726: 1, 633: -1, 216: 1, 217: -5, 220: 0, 221: -1, 549: -1, 227: -1, 228: -2, 745: -1, 236: 2, 237: 1, 750: 1, 751: -1, 552: 1, 754: 1, 755: 2, 756: 1, 894: 1, 246: 1, 247: -2, 248: -1, 249: -2, 250: 1, 251: 1, 256: -1, 257: 1, 258: 1, 259: -5, 262: -1, 263: -1, 776: -1, 778: 1, 270: 1, 271: 0, 272: 2, 558: -1, 279: 0, 559: -1, 802: 1, 803: 2, 804: -1, 805: -1, 296: -3, 302: 1, 819: -1, 311: 0, 828: -1, 317: -2, 139: 1, 327: -5, 328: -1, 331: -3, 759: -1, 334: -1, 336: -4, 1034: -1, 339: -1, 654: -2, 857: 1, 143: -1, 351: -3, 352: -7, 357: 1, 360: -1, 762: 0, 362: -1, 876: 1, 366: -3, 369: 2, 373: 2, 886: 1, 887: 1, 888: -1, 891: 1, 892: 1, 893: 1, 382: 1, 383: -1, 905: -1, 906: -1, 907: -1, 400: -1, 152: -1, 405: -2, 918: 0, 921: -1, 922: -1, 413: -1, 415: 1, 416: -1, 417: -2, 418: -3, 934: -1, 936: 2, 14: 1, 432: -1, 949: 1, 950: 1, 956: 2, 761: -1, 843: -1, 453: -1, 161: -1, 459: -6, 629: 1, 760: -1, 978: 1, 885: 1, 475: 1, 477: -4, 488: -2, 1003: -1, 1004: -1, 1005: -1, 496: 2, 1010: -1, 83: 3, 510: 1, 511: 1}
37={1: -1, 2: -1, 3: 2, 4: -5, 5: 2, 6: -1, 777: 1, 11: 4, 12: -5, 14: -1, 273: 0, 274: -1, 275: 0, 20: -1, 150: -1, 28: -1, 29: -1, 169: -3, 170: -1, 58: -9, 188: -1, 72: 1, 156: -1, 108: 0, 122: -1, 123: -3, 124: 0, 125: 1}
38={1024: -1, 598: -4, 9: -4, 10: -8, 599: -4, 13: -14, 526: 0, 685: -1, 19: -13, 532: 2, 534: 1, 345: -1, 24: -7, 25: -5, 26: -2, 27: -3, 29: -1, 31: 0, 35: -5, 37: 0, 38: -1, 40: -2, 615: -1, 556: -2, 45: -13, 46: 0, 47: -4, 50: -2, 51: -1, 52: -2, 53: -1, 56: -1, 62: 2, 575: -1, 82: 1, 83: 5, 596: -3, 597: -3, 86: -3, 87: -2, 600: 4, 601: 2, 602: 0, 783: 1, 98: -2, 611: -1, 101: -1, 102: -4, 103: -5, 105: 3, 106: 0, 107: 1, 108: -1, 622: -3, 111: -21, 624: -7, 113: -6, 627: -2, 628: -1, 117: 1, 119: -2, 120: 0, 121: -1, 636: -1, 638: -3, 639: -2, 128: -1, 643: -1, 646: -1, 647: -1, 648: -8, 137: 0, 279: -1, 140: -1, 655: -2, 656: 0, 657: 1, 658: 1, 147: -1, 148: -2, 149: -1, 663: -3, 664: 0, 665: 0, 155: -3, 668: 1, 670: -1, 671: -3, 112: -4, 680: 3, 684: -1, 173: -3, 686: 0, 687: -1, 689: -1, 179: 0, 699: -1, 1029: 1, 701: -2, 702: -2, 629: -1, 193: -5, 706: -1, 200: -4, 201: -1, 631: 1, 143: -1, 717: -1, 718: -1, 719: -1, 721: -1, 722: -2, 723: -1, 724: -1, 214: 1, 217: 0, 907: -1, 220: -2, 221: 0, 222: -1, 549: 0, 224: 1, 225: -1, 227: -6, 228: 0, 745: -3, 235: -1, 236: -1, 237: -2, 750: -1, 751: -1, 552: -1, 754: -1, 758: 0, 759: 0, 248: -3, 249: -1, 762: -1, 763: -2, 764: -1, 765: -1, 257: -2, 258: -6, 259: -4, 772: 1, 261: -1, 262: -7, 775: -2, 271: 2, 272: 3, 787: 0, 277: -1, 791: -2, 792: -1, 559: -1, 799: 1, 800: 1, 802: 1, 296: -1, 810: -1, 811: -2, 726: 1, 136: 3, 819: -1, 820: -1, 821: -1, 823: -1, 824: -1, 223: 2, 317: -1, 831: -1, 833: 1, 834: 1, 323: -1, 836: 2, 837: 1, 327: -1, 210: 1, 843: -1, 334: -1, 335: -2, 336: -3, 339: -1, 1000: -1, 857: 4, 858: -1, 859: -1, 860: -1, 352: -1, 354: -1, 360: -3, 877: 1, 369: -3, 370: -1, 373: -3, 886: -1, 888: -1, 889: -1, 890: -1, 893: 1, 894: 2, 383: -3, 623: 1, 151: -1, 835: 1, 405: -1, 413: 1, 416: 3, 417: 3, 418: 1, 139: -1, 934: -1, 242: -1, 432: -1, 950: 1, 951: 1, 443: 1, 956: 1, 453: -1, 161: -1, 459: -5, 460: -1, 973: -1, 978: 0, 472: 1, 474: 1, 475: 1, 477: -2, 996: -1, 997: -1, 488: 0, 594: -1, 496: 2, 1010: -1, 851: -1, 84: -3, 1020: -1, 510: 0, 85: -2}
39={10: -1, 13: 1, 526: -1, 19: -3, 532: 0, 24: 2, 25: -5, 26: -1, 27: -1, 31: -1, 35: -3, 37: -1, 40: 0, 45: -5, 46: 1, 47: -3, 50: 0, 51: 1, 52: -1, 53: -2, 62: 1, 82: 2, 83: 1, 597: -1, 600: 2, 98: 0, 611: -1, 101: 0, 102: 0, 103: -1, 105: 1, 106: 1, 107: 1, 622: -2, 623: -2, 624: 0, 113: -1, 117: 1, 631: 0, 120: -1, 638: 1, 639: 0, 129: -1, 136: 0, 137: -2, 652: -1, 656: 0, 663: 1, 664: -1, 665: -2, 155: -1, 671: -1, 672: -2, 112: -1, 1051: 1, 680: 3, 179: -1, 182: -1, 185: -1, 702: 0, 706: 1, 200: -1, 201: 1, 719: -1, 720: -1, 721: -1, 723: -1, 724: -1, 220: -1, 221: -1, 222: 1, 223: 1, 225: 0, 228: 0, 745: -2, 746: -1, 893: -1, 552: -1, 242: -1, 759: 0, 760: -1, 763: -1, 259: -1, 262: -1, 263: -1, 265: 1, 111: -1, 271: 0, 272: 1, 787: 0, 277: -2, 793: 1, 794: 1, 986: 0, 802: -1, 300: -2, 817: -1, 824: -1, 825: -1, 317: -1, 831: 2, 836: 1, 336: -1, 339: -1, 857: 1, 360: 2, 877: 1, 369: 2, 373: -1, 234: -1, 923: -1, 413: 1, 416: 2, 417: 0, 418: 0, 937: 1, 432: -1, 453: 2, 459: -3, 460: -1, 973: -1, 248: -1, 983: -1, 984: -1, 474: 2, 475: 1, 997: -1, 1000: -1, 496: 1, 851: -1}
40={13: 2, 526: -1, 19: 1, 532: -1, 24: -4, 26: -1, 27: 0, 546: -1, 35: -2, 549: -1, 550: 1, 556: -1, 45: -4, 46: -1, 47: -4, 51: 2, 52: 1, 62: -3, 82: 2, 83: -1, 597: -1, 86: -1, 599: -1, 600: 1, 601: 0, 101: -3, 102: -1, 103: -7, 105: -1, 107: 1, 622: 1, 623: 1, 624: -7, 113: 0, 628: 1, 117: -1, 631: 1, 638: -1, 639: -1, 134: 1, 136: 1, 137: -1, 656: -2, 536: -1, 660: -1, 664: 1, 665: -4, 111: -1, 672: -1, 680: 3, 689: -1, 697: -1, 701: -1, 702: 0, 706: 1, 201: -1, 720: 1, 721: 1, 728: -1, 221: 2, 222: -1, 224: 2, 225: -2, 228: 2, 231: 1, 751: -1, 257: -1, 258: -4, 262: -1, 263: -1, 265: -2, 268: -1, 783: -2, 272: 3, 787: -1, 277: 1, 790: -1, 794: -1, 803: -1, 300: -1, 823: -1, 850: 1, 856: 1, 857: -1, 354: -1, 360: 0, 369: -1, 373: -5, 911: 1, 413: -2, 416: -1, 417: 0, 418: -3, 421: 1, 453: -1, 459: -4, 472: 0, 474: -1, 475: -1, 997: -1, 999: -1, 496: 1}
41={599: -1, 13: 2, 526: -1, 19: -1, 532: -4, 533: -1, 24: -2, 25: -2, 26: 1, 27: 3, 545: -1, 546: 0, 35: -2, 549: 1, 40: -3, 45: -4, 46: -3, 47: -2, 50: 1, 52: 0, 53: -1, 82: -1, 83: 0, 597: -1, 86: 1, 87: 1, 600: 1, 601: 0, 602: -2, 271: 1, 98: -1, 101: -1, 102: -2, 103: -7, 105: 0, 106: -1, 107: -1, 622: -2, 623: 1, 624: -6, 117: 1, 631: -1, 618: -1, 638: 0, 639: -1, 136: -2, 137: -2, 138: -3, 139: -1, 656: -1, 665: -1, 111: -1, 672: -1, 673: 1, 680: 0, 701: -1, 201: -1, 720: -1, 721: -1, 221: 1, 222: -1, 224: 2, 225: -1, 228: 0, 745: 0, 746: -1, 250: 1, 262: -4, 264: 0, 265: 0, 783: 0, 272: 1, 787: 0, 277: -3, 790: -1, 794: -1, 797: 1, 300: -3, 648: -4, 818: -1, 831: -1, 323: -1, 837: 1, 849: -1, 850: 0, 857: -1, 862: 1, 360: 0, 873: -1, 369: -2, 373: -1, 895: 1, 896: 1, 902: 1, 398: 1, 413: -1, 416: -1, 417: -1, 418: 0, 432: -3, 960: -1, 961: -1, 962: -1, 453: 0, 459: -7, 978: -1, 980: -1, 981: -1, 982: -1, 472: -2, 474: 1, 475: 1, 997: -1, 999: -1, 496: 1, 497: 1}
42={1027: -1, 4: 1, 5: 0, 169: -18, 170: 0, 11: 0, 12: -6, 274: -2, 275: -6, 757: -1, 73: -1, 58: -44, 123: 1, 124: 0, 125: -1, 286: 0}
43={4: -1, 5: -4, 6: 4, 7: 2, 8: 1, 9: 0, 10: -3, 13: -2, 14: -3, 15: -1, 16: 1, 19: 1, 20: -1, 21: -3, 22: 1, 1050: 1, 28: 1, 29: 2, 30: -1, 36: -1, 37: 2, 552: -3, 41: 1, 558: -2, 559: -1, 59: 1, 60: 1, 61: 4, 62: 3, 68: 0, 73: 1, 587: 1, 588: 2, 594: -1, 595: -6, 84: -3, 85: 0, 88: 3, 89: 0, 603: -4, 604: -1, 605: -1, 108: -9, 109: 1, 111: -1, 112: -1, 113: -1, 1043: 1, 119: 1, 120: 1, 633: -1, 122: -1, 126: -1, 127: 1, 642: -1, 645: 1, 646: 1, 140: -1, 142: -1, 144: 0, 145: 1, 146: 1, 147: -3, 148: -2, 150: -2, 154: 0, 155: 1, 156: 3, 157: 6, 674: -1, 675: 2, 169: -17, 170: -22, 171: -11, 172: -3, 178: 1, 698: 0, 188: 5, 192: 1, 193: 2, 196: 0, 197: 1, 200: -1, 718: 1, 210: -2, 732: -1, 227: 2, 752: -2, 758: 1, 278: -24, 279: -9, 286: -5, 287: -9, 290: 1, 806: -1, 816: 2, 313: -3, 314: 1, 325: -4, 326: -4, 327: -3, 332: -1, 334: 1, 335: 0, 345: 1, 351: -7, 352: -7, 868: 1, 878: -1, 374: -3, 375: -2, 376: -1, 381: 0, 382: -3, 383: -2, 390: -1, 410: 1, 666: -2, 926: 1, 669: 0, 1044: 1, 463: -1, 479: -4, 1001: -1, 1002: -1, 681: 1}
44={5: -2, 6: 1, 7: -2, 8: -2, 9: 1, 10: 0, 13: -1, 19: -1, 20: -1, 21: -3, 22: -1, 24: 1, 28: -1, 29: -1, 30: -2, 37: 0, 552: -1, 556: 1, 558: -1, 48: -1, 59: 1, 60: 1, 61: 4, 62: 1, 73: 1, 82: 1, 595: 0, 84: -2, 85: -3, 598: 1, 599: 1, 88: -1, 603: -1, 604: -1, 605: -1, 108: -1, 109: 1, 110: -1, 111: -1, 113: 1, 1044: 1, 126: -2, 1045: 1, 1046: 1, 140: -1, 653: 1, 142: -2, 143: -2, 144: -1, 145: -1, 147: -1, 148: 0, 150: 3, 154: 0, 155: 2, 156: 2, 157: -3, 169: -1, 170: -1, 171: 2, 172: -1, 178: 1, 698: 0, 188: 4, 196: 1, 197: -1, 199: -1, 200: -2, 217: 0, 732: 1, 752: -1, 753: -1, 758: 1, 248: -1, 786: -1, 278: -3, 279: -2, 287: -1, 326: -1, 327: -4, 328: -1, 336: -2, 351: 0, 352: -3, 868: 1, 869: 1, 870: 1, 871: 1, 883: 1, 884: 1, 376: -1, 382: -3, 383: -2, 410: 1, 934: -1, 963: -1, 454: -1, 477: 1, 488: 1, 496: 1}
45={258: 1, 214: -1, 623: 1, 9: -1, 10: 1, 140: -1, 142: -1, 88: 1, 19: -1, 148: -2, 622: 1, 278: -1, 279: -1, 25: -1, 155: 0, 29: 1, 802: 1, 35: 1, 171: -1, 45: -1, 559: 1, 60: -1, 61: -1, 62: -4, 191: -1, 193: -1, 327: -1, 200: -2, 459: 1, 82: 2, 598: -1, 216: -1, 217: 1, 733: -1, 199: -1, 352: -1, 108: -1, 210: -1, 750: 1, 111: -1, 112: 1, 113: 1, 494: -1, 382: 1}
46={258: 1, 140: -1, 13: -1, 143: -1, 400: -1, 19: -1, 793: 1, 623: 1, 200: -1, 51: 0, 62: -3, 328: -1, 336: -1, 210: -2, 599: -1, 88: -1, 98: -1, 365: -1, 111: -1, 113: -1, 117: 1, 382: -1}
47={19: -1, 642: -1, 745: 1, 682: -1, 802: 1, 13: -1, 210: -1, 258: 1, 117: 1, 599: -1, 88: -1, 62: -2}
48={768: -1, 271: 1, 46: 1, 27: -1, 29: -1, 802: 1, 35: 1, 814: -1, 47: -1, 53: 1, 62: -1, 459: 1, 210: -1, 83: 1, 726: -1, 600: -1, 228: 1, 101: 1, 103: 1, 105: -1, 107: 1, 82: 1, 622: 1, 111: -1, 510: -1, 383: -1}
49={769: -1, 259: -1, 257: -1, 648: 1, 10: 0, 779: -1, 780: -1, 781: -1, 782: -1, 271: 1, 661: 1, 88: -1, 19: 0, 532: 1, 814: -1, 755: -1, 24: -1, 25: -1, 26: -1, 27: 1, 32: -1, 35: 1, 155: -1, 38: -1, 679: -1, 681: -1, 45: 0, 46: 0, 47: -2, 51: -2, 52: -1, 53: 0, 624: 1, 13: -2, 62: -3, 224: 1, 747: 1, 201: 1, 459: 1, 335: -1, 82: 1, 83: 1, 526: -1, 600: -1, 672: 1, 221: -1, 607: 1, 608: 1, 609: 1, 610: 1, 484: 1, 101: 1, 344: -1, 639: 1, 105: -1, 106: -1, 107: -1, 622: 1, 111: -3, 112: -2, 369: 1, 627: -1, 634: 1, 558: -1, 746: 1, 383: -1}
50={258: -1, 133: -1, 264: 1, 940: 1, 496: 2, 13: -1, 782: -1, 783: -1, 272: 2, 659: -1, 46: 1, 790: 1, 536: 1, 27: 3, 413: 1, 416: 1, 545: -1, 418: 2, 155: -2, 549: -1, 112: 1, 300: -1, 45: -1, 686: -1, 303: 1, 51: 1, 52: 2, 53: 2, 265: 1, 10: -1, 831: 1, 320: -1, 705: -1, 19: -1, 417: 2, 957: 1, 847: 1, 720: -1, 82: -1, 35: 0, 398: 1, 600: -1, 601: -1, 602: -1, 91: -1, 1037: 1, 731: 1, 224: 1, 225: 4, 611: -1, 941: 1, 101: 2, 743: -1, 360: 1, 105: 2, 618: 1, 111: -1, 624: 0, 497: 1, 626: -1, 787: -1, 373: -1, 630: -1, 632: 1}
51={598: -1, 9: -3, 10: -6, 13: 0, 526: 1, 173: -1, 19: -4, 22: -1, 24: 4, 25: 2, 546: 1, 45: -1, 50: 0, 51: 1, 61: -1, 62: -3, 82: 3, 83: 0, 596: 1, 85: -2, 86: -1, 599: 1, 91: -1, 605: -1, 108: -2, 110: -1, 111: -2, 113: -3, 117: -1, 118: -1, 635: -1, 645: -1, 646: -1, 648: -1, 651: -1, 140: 1, 656: 1, 657: 1, 148: -1, 154: -1, 155: -2, 668: 1, 669: -1, 670: -1, 671: -1, 672: 1, 677: -1, 685: -1, 179: 1, 703: -1, 193: 0, 200: -4, 290: -1, 217: -2, 222: 1, 227: 0, 228: 2, 742: -1, 750: -1, 758: 0, 247: -2, 248: -1, 262: -2, 271: 0, 278: -1, 279: -1, 799: 1, 802: 1, 296: -2, 833: 1, 335: -3, 351: -1, 352: -3, 354: -1, 361: -1, 362: -1, 383: 0, 321: 0, 418: 1, 667: 1, 459: 1, 477: -1, 993: -1, 994: -1, 995: -1, 998: -1, 496: 1, 84: -2}
52={86: -1, 13: -4, 526: -1, 88: -1, 19: -7, 532: -4, 23: -1, 24: -4, 27: -1, 31: -1, 546: 0, 35: 0, 549: 0, 38: -1, 556: -3, 45: -4, 46: 1, 47: -6, 50: -5, 51: -1, 52: -1, 53: 1, 62: -4, 577: 1, 82: -6, 83: 1, 598: -3, 599: -3, 600: 0, 601: 5, 602: 0, 271: 1, 98: -1, 611: -1, 101: 0, 102: -1, 103: -4, 616: -1, 107: -1, 621: 2, 622: 1, 111: -2, 624: -6, 113: -4, 117: -1, 630: -3, 631: -1, 121: -1, 636: -1, 637: -1, 639: -2, 642: -1, 643: -1, 647: -1, 648: -2, 137: 1, 791: -2, 655: -1, 656: -2, 657: -2, 658: -2, 659: -1, 660: 1, 663: -3, 664: -3, 665: -4, 155: -2, 671: -1, 672: 1, 112: -2, 678: -1, 680: -2, 173: -1, 686: 0, 689: -1, 179: 2, 697: -1, 1029: 1, 701: -1, 629: -1, 193: -3, 200: -1, 201: 1, 714: -1, 715: -1, 716: -1, 720: 1, 721: -1, 774: 1, 724: -1, 726: 1, 727: -1, 728: -1, 731: 1, 221: 1, 222: -1, 37: -1, 224: 1, 225: -2, 227: -4, 228: -2, 536: 1, 745: -2, 746: -1, 747: -1, 237: -1, 750: 0, 751: 0, 754: -1, 247: -2, 762: -1, 257: -1, 258: -4, 773: 1, 262: -1, 264: 1, 265: 2, 783: 0, 272: 0, 787: -1, 277: 1, 790: 0, 279: -1, 559: 2, 800: 1, 801: 1, 802: -2, 803: 1, 296: -1, 811: -1, 300: -2, 136: 1, 821: -1, 822: -1, 823: -1, 317: -1, 830: -1, 831: -2, 837: 2, 838: 1, 841: 1, 843: -1, 844: 1, 845: 1, 335: -2, 336: -1, 849: -1, 857: -1, 354: -2, 360: -5, 877: -1, 369: 1, 373: 3, 383: -1, 901: 1, 623: 1, 151: -1, 396: -1, 405: -1, 413: 1, 416: 0, 417: 1, 418: -2, 421: 1, 952: 1, 953: 1, 443: 1, 956: -1, 331: -1, 453: -1, 459: 1, 472: 3, 475: 1, 989: -1, 496: 2, 1019: -1}
53={5: -3, 6: -2, 145: 1, 72: -1, 169: -10, 170: -1, 424: -1, 126: 1, 153: -1, 286: -2, 287: 0}
54={674: 1, 197: -1, 6: -2, 169: -3, 170: -2, 171: -1, 29: -1, 595: 1, 84: -1, 286: -2, 278: 3, 41: -1, 20: -1, 603: 1, 188: 1, 381: -1, 126: 1}
55={278: -1, 6: -3, 7: -1, 169: -4, 170: -2, 108: -1, 28: 1, 381: -1, 156: 1, 374: 0, 56: 1, 313: -1, 698: 1, 603: 1, 604: 1, 29: 1, 62: 1, 5: -1}
56={6: -1, 7: -1, 9: -3, 10: 0, 1035: -1, 270: -1, 60: -1, 533: 1, 278: -2, 279: -5, 666: -1, 552: 1, 169: -1, 170: -1, 171: -1, 172: -1, 605: 1, 108: -1, 316: -1, 62: 1, 684: 1, 199: 1, 84: -3, 85: -3, 604: 1, 221: -1, 351: -1, 352: -2, 353: -1, 617: 1, 748: -1, 111: 1, 374: -1, 375: -1, 763: 1, 554: -1, 383: -1}
57={258: 1, 259: 0, 10: 0, 13: 1, 19: 0, 148: -1, 661: 1, 918: 1, 279: -1, 25: -2, 26: -1, 47: -1, 672: 1, 35: 2, 683: -1, 45: -1, 558: 1, 477: -1, 850: 1, 317: 1, 62: -2, 224: 1, 327: -1, 778: -1, 759: -1, 332: -1, 335: -1, 82: -1, 84: 1, 85: 1, 86: -1, 88: -1, 217: 0, 733: -1, 606: 1, 607: 1, 352: -1, 745: 1, 621: -1, 111: -2, 112: -1, 113: 2, 626: -1, 147: 1, 247: 1, 760: -1, 605: 1}
58={258: -1, 648: -1, 137: -1, 138: -1, 26: -1, 47: -1, 265: 1, 416: -1, 417: -1, 418: 2, 35: -2, 680: 1, 302: -1, 303: -1, 432: -1, 40: -1, 459: -1, 484: 1, 101: -1, 102: -1, 622: -1, 369: -1, 373: 2}
59={644: 1, 726: 1, 1031: 1, 600: 1, 10: -3, 140: 1, 526: 2, 237: -1, 656: 1, 856: 1, 985: 1, 19: -4, 148: -1, 173: -1, 279: 2, 24: 1, 25: 1, 179: 1, 559: -1, 415: 1, 802: 2, 803: 1, 549: 1, 210: 1, 647: 1, 556: -2, 45: 0, 558: -1, 47: -1, 50: 0, 51: 1, 739: -1, 296: -1, 62: -2, 831: 1, 193: -1, 1042: 1, 225: 1, 200: -1, 337: -1, 82: -1, 83: -1, 84: -1, 598: -1, 88: 1, 601: 1, 805: 1, 353: -1, 227: -1, 616: -1, 108: -1, 594: 2, 272: 1, 111: -1, 113: 2, 117: -2, 248: 1}
60={73: -1}
61={5: -1, 73: -1, 108: -1, 22: -1, 169: 1, 154: -1}
62={169: 1, 108: -1, 372: 1, 21: -1, 22: -1, 154: -1, 126: 0}
63={21: -1}
64={21: -1}
65={21: -1}
66={56: -1, 118: -1, 21: -1, 22: -1}
67={56: -1, 533: -1}
68={224: -1, 617: -1, 533: -1, 223: -1}
69={224: -1, 618: -1, 619: -1, 396: -1}
70={258: -2, 728: -1, 787: -1, 663: 1, 27: 1, 416: 0, 545: -1, 418: 1, 680: 1, 45: 1, 46: 1, 51: 1, 52: 1, 672: -1, 417: 1, 719: -1, 720: -1, 82: 3, 472: 1, 611: 1, 618: -1, 496: 1, 19: -1, 373: 1}
71={258: -1, 107: 0, 618: 0, 812: 1, 138: 1, 656: 0, 277: -2, 790: 1, 24: 0, 665: -1, 27: -1, 413: 2, 545: 1, 418: 0, 37: -1, 369: 1, 40: 0, 300: -2, 45: -1, 47: -1, 432: -1, 53: -1, 182: -1, 265: 1, 825: 0, 702: -1, 117: 1, 836: -1, 417: 1, 459: -1, 460: 1, 467: -1, 720: -1, 82: -1, 83: 2, 597: -1, 857: -1, 474: 1, 475: 2, 221: -1, 222: -1, 223: 0, 224: 1, 225: 1, 101: 1, 102: 1, 103: 0, 744: 1, 105: 0, 106: 2, 747: -1, 622: 0, 623: -1, 624: -1, 113: -1, 851: -1, 373: 1, 631: -1, 831: 1, 746: -1, 639: 0}
72={6: -1, 7: -1, 9: -3, 10: -3, 13: 1, 14: -1, 15: -1, 19: 2, 23: 1, 24: 1, 28: -2, 29: -1, 34: -1, 35: -1, 552: -2, 556: -2, 558: -1, 559: -4, 565: -1, 1033: -1, 56: -1, 59: -1, 1034: -1, 62: 5, 68: -1, 69: -2, 595: -2, 84: -5, 85: -3, 599: 1, 88: -6, 603: -1, 604: -1, 605: -3, 606: -1, 620: 1, 621: -1, 111: -1, 113: -2, 118: -1, 636: 1, 646: 1, 108: -5, 279: -8, 140: 0, 143: 1, 146: -1, 148: -1, 154: -1, 156: -2, 157: -1, 676: -2, 677: -7, 169: -1, 172: -2, 91: -1, 698: -1, 699: -3, 188: -1, 702: 1, 192: -1, 193: 0, 200: -4, 210: -2, 216: -2, 217: -2, 732: -2, 227: -1, 753: -1, 247: -2, 259: -1, 776: -1, 278: -3, 791: -1, 792: -1, 807: 0, 296: -2, 814: -1, 819: 1, 321: -1, 332: -1, 333: -3, 334: -1, 336: 0, 345: -1, 861: 2, 351: -4, 352: -9, 353: -1, 357: -1, 358: -1, 362: -1, 366: -2, 374: -1, 375: -2, 376: -1, 891: 1, 382: 1, 383: 0, 920: 2, 440: 1, 444: -1, 445: -1, 446: -1, 759: -1, 477: -1, 479: -1, 1021: 1}
73={172: 1, 259: -1, 7: -1, 9: -5, 10: 1, 140: -1, 13: -3, 759: -1, 17: -1, 29: 1, 19: 1, 278: -2, 279: -4, 25: 1, 47: -1, 156: -1, 157: -1, 674: -1, 35: -1, 676: -1, 677: -3, 678: -1, 807: -1, 552: -3, 556: -2, 558: 0, 559: -3, 50: -1, 819: -1, 440: 1, 441: 1, 442: 1, 699: -2, 62: -5, 296: -2, 193: -2, 1042: 1, 327: -1, 200: -4, 843: -1, 56: -1, 210: -1, 84: -3, 85: -5, 598: -1, 88: -4, 217: -1, 732: -1, 605: -3, 351: -1, 352: -3, 227: -2, 108: -2, 237: -1, 366: -2, 111: 1, 113: -3, 345: -1, 888: -1, 1023: -1, 636: 1, 382: 2, 383: -2}
74={644: -1, 5: 1, 6: -1, 193: -1, 8: -1, 9: 2, 10: -3, 279: 1, 13: -2, 45: -2, 216: 0, 19: 1, 148: 0, 21: -1, 278: 0, 151: -1, 24: 0, 22: -1, 156: -1, 157: -1, 1029: 1, 37: -2, 113: -2, 552: 1, 668: 1, 429: -1, 558: -2, 559: -2, 61: 1, 62: 4, 192: -1, 352: -1, 262: 1, 200: 0, 329: 1, 330: 1, 331: 1, 76: -1, 78: -1, 739: -1, 84: -2, 85: -2, 86: 1, 761: 1, 88: -2, 217: 0, 605: 1, 735: -1, 736: -1, 737: -1, 738: -1, 227: -1, 363: 1, 108: 0, 111: -5, 112: -1, 296: 1, 147: -2, 246: -1, 247: -2, 248: -1, 249: -1, 762: 1}
75={140: -1, 14: -1, 785: -1, 147: -1, 278: -1, 279: -1, 669: -1, 415: 2, 552: -1, 558: -1, 314: -1, 315: -1, 192: -1, 193: 0, 707: 1, 708: 2, 199: -1, 200: -1, 333: 0, 334: -1, 335: 1, 210: -1, 595: -1, 84: 0, 216: -1, 217: -1, 351: 0, 352: 0, 865: -1, 227: 3, 361: -1, 236: 1, 109: -1, 111: -1, 633: -1, 127: -1, 126: -1, 383: -1}
76={5: -6, 6: -1, 9: 1, 917: 1, 278: 1, 28: 1, 157: 2, 150: -1, 287: -1, 674: 1, 675: 1, 169: 0, 170: -1, 172: 1, 56: 1, 313: -1, 188: 1, 61: 1, 62: 1, 196: 1, 156: 1, 345: -1, 352: 1, 108: 1, 374: -1}
77={5: 0, 9: 1, 10: 1, 140: -1, 14: -1, 143: -1, 148: 1, 917: 1, 662: -1, 279: 2, 156: -1, 157: -1, 558: 1, 559: 1, 62: 1, 192: -1, 193: 0, 200: -1, 594: 1, 84: 1, 345: -1, 351: 0, 352: 0, 227: 0, 108: 0, 365: -1, 376: -1}
78={772: -1, 647: 1, 1036: 1, 19: 1, 27: -1, 157: -1, 936: 1, 35: 1, 677: -1, 40: 0, 937: 1, 556: -2, 45: 4, 46: 1, 47: -1, 51: -1, 317: -1, 62: -1, 328: -1, 459: 1, 336: -1, 82: 2, 83: 2, 88: -1, 607: -1, 98: -1, 101: -1, 102: -1, 103: 1, 106: 1, 107: 1, 29: -1, 1005: -1, 1006: -1, 111: -1, 113: -2, 382: -1, 248: 1, 510: -1, 767: -1}
79={696: 0, 1: 0, 2: -13, 3: -5}
80={4: -1, 72: -1, 108: -2, 145: -1, 276: 1, 278: -1, 124: -3, 126: -2}
81={237: 1, 193: 0, 194: -1, 227: 0, 358: -1, 236: 1, 556: -2, 82: -1, 111: 1, 370: -1, 19: 1, 24: 1, 699: -1, 13: 1, 62: 2, 415: 1}
82={732: 1, 169: -1, 170: -1, 595: 1, 278: 1, 28: -1, 381: 1}
83={150: -1, 6: -2, 278: -3, 279: -2, 154: -1, 156: 1, 157: 0, 169: -2, 170: -1, 171: -1, 29: 1, 56: 1, 59: -1, 60: -1, 192: -1, 193: -1, 594: -1, 84: -3, 227: -1, 188: 0, 108: -3, 374: -1, 381: -1}
84={7: 1, 8: 2, 172: 1, 279: 1, 154: 1, 28: -1, 157: 1, 287: -1, 552: -1, 171: 1, 684: 1, 29: 0, 9: 1, 61: 1, 327: -1, 718: 1, 84: 0, 85: 1, 88: -1, 217: 1, 108: 1, 375: -1, 376: -1, 382: -1}
85={674: -1, 699: 1, 199: -1, 556: 1, 558: -1, 594: -1, 19: -1, 878: -1, 376: -1, 883: 1, 156: 0, 61: 1, 62: 0}
86={47: 1, 10: 1, 18: -1, 19: 0, 532: 1, 534: 1, 535: 1, 536: 1, 155: -1, 156: -1, 157: -1, 556: 1, 558: -1, 559: -1, 50: -1, 61: -2, 62: -2, 703: 1, 193: -1, 327: -1, 200: -2, 335: -1, 82: 4, 227: -1, 234: -1, 237: -1, 113: 1, 638: 1}
87={51: -1, 83: 1, 327: -1, 200: -1, 354: -1, 82: 1, 113: 1, 50: -2, 19: -2, 532: 1, 536: 1, 61: -1, 62: -3}
88={179: -2, 657: -1, 787: -1, 532: 2, 536: 1, 797: 1, 415: -1, 418: 1, 549: 1, 556: -1, 50: -2, 51: -3, 697: -1, 698: -1, 699: -1, 62: -1, 327: -1, 200: -2, 459: 1, 720: -1, 721: -1, 474: 1, 475: 1, 336: -1, 354: -1, 227: -1, 105: 1, 237: -1, 1006: -1, 751: 1, 19: -1, 638: 1}
89={783: -1, 532: 1, 536: 1, 668: -1, 797: 1, 418: 1, 35: -1, 932: 1, 47: -1, 52: -2, 53: -1, 697: -1, 443: -1, 931: 1, 62: -1, 959: 1, 721: -1, 82: -2, 83: -2, 598: -2, 360: -1, 1006: -1, 751: 1, 373: -1}
90={1038: 1, 600: -2, 19: 1, 473: 1, 536: 2, 27: 1, 545: 1, 546: 1, 35: 0, 932: 1, 52: -1, 53: -2, 443: -1, 959: 1, 82: 1, 83: 1, 599: -2, 472: 1, 601: -1, 731: 1, 862: 1, 360: -2, 1007: -1}
91={265: -2, 396: -1, 600: -1, 532: 0, 601: -1, 797: 1, 545: 1, 35: -1, 932: 1, 421: 1, 53: -3, 960: -1, 83: 1, 472: 1, 729: -1, 730: -1, 731: -1, 862: 1, 933: 1, 225: 1, 228: -1, 101: -1, 102: -1, 103: 0, 107: 1, 728: -1, 1007: -1, 117: -1, 638: -1, 639: -1}
92={169: -7, 170: -2, 5: 1, 287: 1}
93={5: 0, 169: -8, 170: -3, 140: -1, 142: -1, 210: 1, 595: 1, 14: 1, 278: -2, 279: 1, 88: 1, 603: -1, 28: 1, 286: -2, 287: -2}
94={140: -1, 142: -2, 278: -4, 279: -3, 25: -1, 157: -1, 287: -1, 552: -1, 681: 1, 605: -1, 178: -1, 59: -1, 832: 1, 196: -1, 200: -1, 375: -2, 332: -1, 333: -1, 334: -2, 335: -1, 595: 1, 216: -1, 603: 1, 861: -1, 363: -1, 108: -1, 374: -2, 169: -2, 376: -1, 381: -1, 382: -1}
95={832: 1, 552: -1, 606: -1, 278: -1, 279: 0, 25: -1, 26: -1, 351: 1, 605: -1, 382: -2, 287: -1}
96={352: 1, 257: -1, 611: -1, 709: -1, 710: -1, 679: -1, 712: -1, 713: -1, 10: -1, 711: -1, 334: -1, 112: -1, 382: -1, 278: -1, 216: -1, 62: -1, 26: -1, 606: -1, 607: -1}
97={19: -1, 706: -1, 611: -1, 552: -1, 10: -1, 663: -1, 140: -1, 174: -1, 113: -1, 146: -1, 259: -2, 382: -1, 119: -1, 62: -1, 83: -1, 26: -1, 603: -1, 924: -1, 733: -1, 606: -1, 607: -2}
98={258: 1, 35: 1, 103: -1, 713: -1, 10: -1, 706: -1, 558: -1, 111: -3, 113: 1, 83: -1, 174: -1, 600: 1, 26: -1, 924: -1, 925: -1, 702: -1}
99={199: -1, 200: -1, 82: 1, 19: 1, 635: -1, 62: -1}
100={193: -1, 200: -1, 882: -1, 82: 2, 19: 1, 62: -1}
101={416: -1, 706: -1, 373: -1, 102: -1, 103: -3, 201: -1, 303: -1, 624: -1, 472: 1, 532: -1, 53: -1, 265: -1, 632: -1, 228: -1, 639: -1}
102={556: -1, 396: -1, 19: -1, 24: 1, 923: -1, 29: -1, 31: -1, 416: 1, 624: -1, 802: -1, 680: 1, 681: -1, 938: 1, 300: -1, 47: -1, 702: 1, 552: -1, 328: -1, 1036: 1, 459: 1, 82: -2, 83: 1, 88: -1, 222: 1, 223: 1, 102: 1, 360: 1, 618: -1, 111: -1, 496: 1, 113: -1, 759: 1}
103={128: 1, 5: -2, 6: 0, 140: -1, 14: -2, 145: -1, 150: 2, 279: 1, 153: 1, 286: -1, 287: -1, 674: 1, 169: 1, 170: 1, 278: 1, 183: 1, 188: 1, 72: -1, 73: 1, 74: 1, 210: 1, 108: -3, 372: 1, 123: -1, 124: 0, 126: 0}
104={136: -2, 137: -2, 138: -1, 139: -1, 13: -1, 526: -3, 271: -1, 272: -1, 1051: 1, 19: -1, 532: -1, 277: -3, 663: 1, 24: -1, 25: -2, 26: -1, 27: -1, 413: 0, 624: 1, 418: 1, 987: -1, 40: 1, 300: -2, 46: -2, 47: -1, 817: -1, 818: -1, 52: -1, 53: -2, 182: -1, 265: 2, 702: 1, 373: 2, 706: 1, 323: -1, 200: -1, 201: -2, 459: -1, 720: -1, 82: -1, 83: -1, 596: -1, 597: -1, 984: -1, 475: 1, 221: -1, 223: 1, 224: 1, 225: 0, 101: -1, 103: 0, 105: -1, 234: -1, 235: -1, 622: 1, 112: -1, 369: 1, 851: -1, 117: -1, 631: -3, 120: -1, 763: -1, 764: -1, 746: -1, 264: -1}
105={418: 2, 35: -2, 132: -1, 133: -1, 102: -1, 103: 0, 265: 1, 107: -2, 812: 1, 258: -1, 467: -1, 623: -1, 851: -1, 373: -1, 182: -1, 825: 1, 665: -1, 101: -1, 413: 1, 53: -2}
106={196: -1, 5: 0, 6: -1, 169: -1, 170: 1, 171: 1, 108: -1, 28: -1, 84: -1, 124: -1}
107={193: 1, 227: 1, 196: 0, 197: -1, 6: -3, 7: -2, 73: -1, 170: -1, 171: 1, 108: 1, 188: -1, 84: 2, 278: -1, 169: 0, 68: 1, 124: -1, 150: -1, 5: -2}
108={148: 1, 579: -1, 9: 1, 10: 1, 108: -1, 84: -1, 85: 1, 313: -1}
109={192: 1, 321: 1, 802: 1, 227: 1, 598: 1, 745: 1, 108: -1, 84: 0, 118: -1, 24: -1, 313: 1, 156: -1, 62: 1}
110={443: -1, 396: -1, 637: -1}
113={5: -2, 28: 0, 169: -1, 108: -1, 14: 0, 73: 1, 124: 0, 286: -1}
114={5: 0, 6: 2, 7: 1, 8: 2, 10: 1, 142: 1, 88: 1, 147: 1, 21: -1, 150: -2, 279: -2, 666: -1, 667: -1, 29: -1, 278: 1, 169: 2, 170: -1, 172: -1, 178: -2, 59: 0, 60: 1, 68: 1, 246: 1, 327: 1, 328: 1, 89: -1, 84: 1, 85: 2, 216: 1, 217: 1, 352: -2, 681: 1, 108: 1, 374: -1, 375: -1, 381: -1}
115={733: -1, 259: 1, 9: -3, 10: -1, 1035: -1, 13: -2, 142: -1, 45: 1, 686: 1, 918: 1, 279: -1, 154: 1, 155: 0, 642: -1, 35: 1, 37: -1, 552: -1, 684: 1, 685: 2, 46: -1, 559: -1, 172: -1, 594: 1, 61: -1, 62: 0, 703: 1, 192: -1, 193: -1, 327: -1, 200: -1, 333: -1, 719: 1, 82: -1, 595: -1, 84: -1, 85: -3, 86: -1, 217: 0, 335: -1, 477: 1, 351: -1, 352: -2, 47: -1, 236: -1, 237: -1, 111: 0, 375: -1, 558: 0, 383: -1}
116={278: 1, 601: 1, 9: 2, 10: -1, 13: 1, 142: 1, 143: 1, 658: 1, 19: 3, 532: 1, 22: -1, 279: 1, 24: 1, 154: -1, 155: -1, 418: 1, 558: -1, 50: -1, 62: -3, 704: 1, 837: 1, 546: 1, 82: 4, 83: -1, 84: 1, 599: 1, 600: 1, 217: -1, 351: 1, 352: -2, 745: 1, 746: 1, 108: -1, 750: -1, 111: 1, 247: -1}
117={352: -1, 83: 1, 82: 1, 837: 1, 838: 1, 105: 1, 10: -1, 13: -1, 46: 1, 111: -1, 112: 1, 50: 1, 659: 1, 658: 1, 27: 1}
118={137: 1, 10: -1, 13: -2, 173: 1, 19: 1, 660: 1, 154: -1, 155: -1, 416: 1, 418: 1, 45: -2, 558: -1, 559: -2, 50: -1, 51: -1, 62: -1, 200: -2, 546: 1, 83: 1, 599: 1, 600: 1, 352: -1, 111: -3, 112: -1, 659: 1, 118: -1, 636: -1, 383: -1}
120={188: -1, 573: -1, 6: -1, 29: -1}
121={279: 1, 170: 2, 171: 2, 108: 0, 61: 1, 375: -1, 157: 1, 574: -1, 287: -1}
122={296: -1, 639: 1, 247: -1, 103: 1}
123={192: -1, 193: -2, 227: 1, 62: 1}
124={193: -2, 200: -1, 336: -1, 82: -1, 697: -1, 635: -1, 62: 1}
125={200: 1, 111: 1, 336: 1, 18: -1, 19: 1, 635: -1, 636: -1}
126={459: 1, 45: 1, 46: 1, 111: 1, 666: -1, 667: -1, 636: -1}
127={636: -1, 637: -1}
128={667: -1, 668: -1, 637: -1}
129={637: -1}
130={387: -1, 644: -1, 5: 0, 6: 1, 147: -1, 788: -1, 278: -2, 217: -1, 28: -4, 29: 0, 286: 0, 287: 1, 112: -1, 806: -1, 424: -1, 169: -3, 170: -2, 171: -1, 172: 1, 57: -1, 479: -1, 188: 1, 192: -1, 578: -1, 964: -2, 965: -1, 210: -3, 84: 0, 313: -1, 88: -1, 345: -1, 603: -1, 604: 1, 351: -1, 352: 1, 108: 2, 365: -2, 752: -1, 552: 1, 374: -2, 375: -2, 376: -2, 381: -1}
131={236: 1, 10: 1, 140: -1, 142: 1, 143: -1, 278: -3, 279: -1, 156: -1, 287: -1, 169: -2, 172: 1, 313: -2, 188: -1, 61: 1, 62: 1, 192: 0, 193: 1, 197: -1, 199: 1, 332: 1, 333: 0, 334: -1, 594: -1, 595: 1, 84: -1, 732: 0, 351: -2, 352: -2, 358: 1, 108: -1, 382: 1}
132={352: 0, 227: -1, 197: -1, 172: 1, 13: -1, 558: -1, 559: -1, 816: 1, 14: -1, 278: 0, 279: 2, 143: -1, 28: -1, 29: -1, 62: 1, 351: 0}
133={642: -1, 261: -1, 646: -1, 9: -1, 10: 1, 279: -1, 140: -1, 13: -5, 143: -1, 19: 2, 789: -1, 278: -2, 663: -1, 24: -2, 283: -1, 86: -1, 416: 1, 35: -1, 603: -1, 677: -1, 807: -1, 808: -1, 809: -1, 556: -1, 726: -1, 50: 1, 51: -1, 310: -1, 56: -1, 442: 1, 443: 1, 62: -1, 193: -4, 955: -1, 327: -1, 200: -3, 258: -2, 759: -1, 764: -1, 973: -1, 334: -3, 335: -4, 336: -1, 594: -1, 595: -1, 84: -1, 85: -1, 598: -3, 599: -2, 216: -1, 345: -1, 91: -1, 477: -1, 351: -1, 352: -4, 976: -1, 227: 1, 614: -2, 615: -1, 974: -1, 745: 1, 108: -1, 82: 1, 111: -1, 113: -2, 370: -1, 375: -1, 888: -1, 217: -1, 975: -1, 1021: -1, 383: -4}
134={234: -1, 82: 1, 638: 1, 726: -1, 62: -1, 639: 1}
135={225: 1, 229: -1, 230: -1, 264: 1, 265: 1, 13: -1, 272: 1, 790: 1, 119: -1}
136={676: 1, 677: 1, 620: -1, 332: -1, 333: -1, 334: -1, 595: 0, 142: -1, 216: -1, 732: 1, 861: -1}
137={35: -1, 642: -1, 483: -1, 615: 1, 488: -1, 653: -1, 334: -1, 113: -1, 595: -1, 247: -1, 699: 1, 700: 1, 351: -1}
138={615: 1, 620: -1, 334: -1, 335: -1}
139={258: -1, 35: -1, 615: 1, 488: -1, 908: 1, 556: -1, 237: -1, 654: -1, 909: 1}
140={19: 0, 258: -1, 453: -1, 713: -1, 237: -1, 82: 0, 83: 0, 52: -1, 600: 1, 148: 1, 26: -1, 62: 1}
141={360: 1, 258: -1, 35: -1, 103: -1, 40: -1, 201: 0, 909: 1, 910: 1, 369: -1, 83: 1, 117: 0, 600: 1, 26: -1, 53: 1}
142={225: -1, 35: -2, 101: -2, 103: -1, 680: -1, 201: 1, 656: -1, 369: 0, 373: 0, 790: -1, 264: 0, 831: -1}
143={101: -2, 102: -1, 103: -1, 680: -1, 40: -1, 117: -1, 413: 1, 264: -1, 373: 0}
144={680: -1, 373: 0, 102: -1, 103: -1}
145={287: -1, 29: -1, 382: -1, 327: 1}
146={140: 1, 400: 1, 786: -1, 20: 1, 667: -1, 668: -1, 29: -1, 36: -1, 37: 1, 934: -1, 552: 1, 157: -1, 61: -1, 326: -2, 327: 0, 73: -1, 74: -1, 336: -1, 84: 1, 605: -1, 352: -1, 362: 1}
147={352: -2, 36: -1, 37: -1, 934: -1, 327: 0, 328: 1, 74: -1, 109: -1, 110: -1, 8: -1, 594: -1, 20: 1, 113: 1, 183: -1, 85: 1, 362: 1, 668: -1, 61: -1, 30: -1, 671: -1}
148={103: 1}
149={103: 1}
150={83: -1, 532: -1, 53: -1}
151={201: -1, 532: -1, 373: 1, 639: -1, 638: -1, 53: -1}
152={53: 1, 373: 1, 117: 1, 421: -1, 639: -1}
153={169: -2}
154={170: -1, 691: -1, 690: -1, 5: 2}
155={691: -1, 692: -1}
157={10: 1, 22: 1, 278: -1}
158={352: -1, 652: -1, 68: -1, 775: 1, 9: -1, 10: -1, 396: -1, 108: -1, 850: 1, 84: -2, 85: -1, 246: -1, 617: 1, 216: -1, 763: 1, 221: -1, 351: -1}
159={352: -1, 45: -1, 296: -1, 9: -4, 10: -2, 13: -1, 111: -1, 84: -1, 85: -2, 221: -1}
160={352: 1, 353: -1, 642: -1, 227: 0, 193: 1, 9: 0, 10: -1, 13: -1, 334: -1, 973: -1, 112: -1, 594: -1, 84: 2, 85: 1, 559: 1, 313: 1, 154: -1, 111: -1, 157: -1, 62: 3, 351: -1}
161={768: -1, 772: -1, 645: -1, 321: -1, 9: 0, 10: 1, 13: 0, 621: -1, 146: -1, 19: 3, 278: -1, 279: -2, 24: -1, 283: -1, 669: 1, 670: 1, 676: -1, 677: -2, 296: -2, 333: -1, 559: -1, 50: 1, 56: -2, 313: -1, 699: -1, 62: 3, 192: 0, 193: -3, 199: -1, 200: -1, 973: -1, 974: -1, 335: -2, 336: -2, 334: -4, 726: -1, 732: -1, 351: -3, 352: -2, 353: -2, 227: 0, 358: -1, 490: -1, 365: -1, 366: -1, 111: -1, 112: -1, 113: -2, 370: -1, 147: 1, 247: -1, 376: -1, 510: -1, 383: -1}
162={352: 1, 227: -1, 10: 1, 13: 1, 82: 1, 19: 1, 62: -1, 598: -1, 763: 1, 670: 1}
164={227: -1, 644: -1, 200: 0, 9: -1, 10: -1, 791: 1, 334: -1, 111: -1, 112: -1, 157: -1, 595: -1, 62: -1, 279: -2, 216: -1, 143: -1, 732: -1, 605: -1, 606: -1, 351: -1}
165={103: -1, 35: 1, 762: -1, 627: -1, 111: -3}
166={656: -1, 45: -1, 35: 1, 101: 1, 111: -1}
167={627: -1, 101: 1, 413: 1}
168={627: -1}
169={193: 1, 19: 1, 13: 1, 62: 0, 9: 1}
170={775: 1, 620: -1, 10: 1, 268: -1, 13: 1, 526: -1, 657: 1, 658: 1, 787: 1, 664: -1, 665: -1, 670: 1, 671: 0, 416: 1, 417: 1, 802: -2, 46: -1, 24: -2, 50: -2, 222: -1, 310: -1, 311: -1, 62: -1, 193: -2, 360: -1, 200: -2, 334: -1, 335: -1, 976: -1, 721: 1, 82: 0, 83: -2, 598: -1, 599: -1, 88: -1, 985: -1, 734: -1, 336: -1, 635: -1, 615: -2, 600: -1, 236: -2, 237: -2, 111: 0, 113: -1, 19: -4, 373: 1, 763: 1, 1022: -1}
171={352: -2, 279: 1, 642: 1, 8: 2, 9: -1, 10: 1, 171: -1, 13: -1, 60: 1, 328: 1, 329: 1, 278: 1, 375: -1, 296: 1, 217: 1, 156: -1, 61: 1, 62: 1, 351: 0}
172={416: 1, 1049: 1, 117: 1, 231: 1}
173={600: 1, 83: 1, 637: -1}
174={360: -1, 600: 1, 19: 2}
175={672: -1, 360: -1, 396: -1, 272: 2, 689: -1, 19: 1, 600: 1, 601: 1}
176={896: -1, 228: 1, 549: 0, 103: 1, 264: -1, 265: -1, 396: -1, 783: 1, 272: -1, 82: 1, 373: 1, 472: -1, 601: 1, 271: 1, 751: 1}
177={549: -1}
178={549: -1}
179={396: -1, 549: -1}
180={216: 1, 595: 1, 142: 1}
181={483: 1, 279: -1}
184={25: -1, 84: -1, 85: -1, 702: -1, 13: -1}
185={25: -1, 526: -1}
186={680: -1, 526: -1, 631: -1}
187={162: 1, 4: -2, 169: 2, 170: -1, 11: -1, 108: 1, 145: 1, 73: -1, 58: -1, 123: 0}
188={640: 1, 674: 1, 4: 2, 5: -4, 6: 2, 169: 3, 170: -1, 108: -2, 140: 1, 20: -1, 958: 1, 89: -1, 73: 1, 153: 1, 123: 0, 124: -3, 126: 1, 479: 1}
189={358: 1, 169: 1, 108: -2, 210: -1, 22: 1, 698: 1, 286: -1}
190={216: -1, 126: -1}
191={9: -1, 10: 1, 140: -1, 785: -1, 147: 1, 148: 1, 279: -1, 415: 1, 552: -1, 45: -1, 558: -1, 559: -1, 955: -1, 62: 0, 192: -2, 193: 0, 327: -1, 200: -1, 84: 0, 85: 0, 726: 1, 216: -1, 352: -2, 227: 0, 108: -2, 19: -1, 247: -1, 635: -1}
192={273: 1, 58: 2, 3: -1}
193={58: 1, 275: 1, 12: 1, 162: 1}
194={4: 0, 169: 1, 12: -1, 275: 1, 276: 1, 58: 1}
195={9: -1, 651: -1, 684: -1, 13: 1, 82: 2, 51: 1, 758: 1, 24: 1, 793: 1, 351: 1}
196={396: -1}
197={169: 0, 108: -1, 210: 1, 20: 1, 374: -1, 89: 1, 698: 1, 126: -1}
198={19: -1}
199={4: -1, 5: 1, 6: 1, 169: -3, 170: -1, 108: 0, 14: -1, 382: -1, 278: -1, 313: -1, 287: -1, 286: -1, 479: -1}
200={352: -1, 5: -2, 9: 1, 108: 0, 84: 3, 917: 1, 85: 1, 62: 1, 351: 1}
201={225: 1, 775: 1, 396: -1, 849: 1, 148: -1, 118: 1, 56: 1, 830: 1}
202={83: 1, 35: 1, 155: -1, 13: -2, 45: -1, 686: 1, 111: -1, 82: 0, 19: -1, 148: -1, 214: -1, 143: -2}
203={352: -1, 45: -1, 35: 1, 327: -1, 10: 1, 682: -1, 111: 1, 29: 1, 333: -1, 494: -1, 559: -1, 882: -1, 19: -1, 148: 1, 382: 1, 279: -2, 217: 1, 155: -1, 733: -1, 62: 0}
204={228: 1, 598: -1, 339: -1, 235: -1, 177: -1, 82: 1, 19: -2, 532: 1, 726: -1, 62: -2}
205={169: -4, 170: 1, 5: 1, 286: -2}
206={22: -1, 321: -1, 9: 2, 13: 1, 142: 1, 143: 1, 19: 1, 278: 1, 279: 1, 154: -1, 156: 2, 676: -1, 172: -1, 45: 1, 654: -1, 313: -1, 61: 1, 62: 1, 192: -1, 193: 2, 200: 1, 84: 0, 85: -1, 732: -1, 351: -1, 352: 0, 227: -2, 357: -1, 358: -1, 108: -1, 111: 1, 147: -1}
207={278: 1, 5: 1, 28: -1, 170: -1, 14: -1, 15: -1, 92: -1, 124: -1, 210: -1, 84: -1, 662: -1, 169: 2, 156: 1, 287: -1}
208={84: -1, 652: -1, 15: -1}
209={9: -2, 684: -1, 82: -1, 19: 1, 510: -1, 221: -1, 62: 1}
213={193: 1, 579: 1, 199: -1, 108: -1, 621: 1, 227: 1, 278: 2, 279: 1, 314: -1}
214={383: -1, 51: -1, 52: -1, 663: -1}
215={897: 1, 179: 1, 10: -1, 140: -1, 13: -1, 657: 1, 19: -1, 148: 1, 558: -1, 559: 1, 670: -1, 671: -1, 802: 0, 155: 1, 46: -1, 47: -1, 51: 2, 88: -1, 62: -2, 200: -1, 332: -1, 333: -1, 334: -1, 336: -1, 337: -1, 598: 1, 599: 1, 600: 1, 601: 1, 221: 1, 352: 0, 227: -1, 361: -1, 362: -1, 108: -1, 113: -1, 383: -1}
216={196: 1, 150: 1, 6: 1, 169: -2, 170: -1, 171: -1, 108: -1, 84: -1, 326: -1, 278: -2, 479: -1, 287: -1}
217={674: -1, 387: 1, 22: 1, 199: 1, 169: -1, 10: 1, 171: -1, 108: -1, 287: -1, 172: -1, 84: 0, 278: -1, 376: 1, 59: 1, 170: -1, 479: -1}
218={9: -1, 82: 1, 684: -1, 45: 0, 111: -1}
219={278: 1, 196: -1, 197: -1, 169: 2, 650: -1, 140: -1, 14: -1, 92: -1, 912: -1, 124: -1, 210: -1, 150: 1, 89: -1, 188: 1, 170: -1, 286: -1, 479: -1}
220={832: 1, 681: 1, 156: -1, 62: 1, 839: 1}
221={51: -1, 1006: -1, 637: -1, 657: -1, 19: -1, 636: -1, 157: -1}
222={227: -1, 773: -1, 774: -1, 456: -1, 457: -1, 453: -1, 1006: -1, 720: -1, 657: -1, 19: -1, 671: -1}
223={279: -1, 352: -1, 37: -1, 6: -1, 140: -1, 363: -1, 108: 0, 84: -2, 21: -1, 278: 0, 375: 1, 88: -1, 351: -2}
224={227: -1}
225={227: -1, 62: -1}
226={19: -1, 161: -1, 40: -1, 138: -1, 139: -1, 136: -1, 83: -1, 117: -1, 62: -1, 53: -1}
227={472: -1, 421: -1}
228={454: -1, 327: -1, 108: 1, 494: -1, 573: -1, 1046: 1, 157: 1, 574: -1}
229={883: 1, 574: -1, 698: 1, 156: -1, 61: 1, 62: 1}
230={108: -1, 124: -1}
231={84: 1, 108: -1, 85: 1}
232={200: 1, 732: -1, 108: -1, 559: 1}
233={108: -1}
234={9: 1, 148: 1, 108: -1, 113: 1}
235={148: 1, 84: -1}
236={84: -1, 140: -1, 108: -1, 642: -1}
237={192: 1, 742: 1, 776: 1, 108: -1, 174: -1, 18: -1, 595: -1, 151: -1, 698: -1, 154: -1}
238={352: -1, 5: -1, 9: -1, 10: 1, 311: -1, 332: -1, 333: -1, 13: -1, 108: -2, 210: 1, 310: -1, 279: -1, 216: 1, 111: 1}
239={9: -1, 10: -1, 156: -1, 84: -1, 85: -1}
240={133: -1, 680: -1, 10: -1, 13: 1, 111: -1, 117: 1, 631: -1, 762: -1, 763: 1}
241={133: -1, 117: 1, 45: -2, 46: -1, 111: -2}
242={35: -1, 137: -1, 45: -1, 46: -1, 117: 1, 105: -1, 26: -1, 475: -1, 474: -1}
243={656: -1, 35: -1, 45: -1, 475: -1}
244={35: -1, 101: -1}
245={106: -1, 107: -1, 101: -1}
246={692: -1, 693: -1, 694: -1}
247={694: -1}
248={694: -1}
249={694: -1, 695: -1}
250={84: 1, 108: 1, 14: -1}
251={351: -1, 37: -1, 21: -1}
252={8: -1, 88: 1, 29: 1, 7: -1}
253={581: -1, 553: 1, 815: -1, 435: 1, 410: -1, 156: -1}
254={82: -1, 13: 1}
255={107: -1, 373: -1}
256={200: -1, 335: -1, 334: -1, 62: 1, 375: -1}
257={154: -1, 307: 1, 84: -1, 118: -1}
258={194: 1, 358: 1, 10: -1, 146: 1, 370: 1, 84: -1, 85: -1, 148: -1, 154: -1, 155: 1}
259={804: 1, 294: 1, 903: 1, 241: 1, 310: 1, 255: 1}
260={241: 1}
261={241: 1, 82: -1, 83: -1, 117: -1}
262={421: 1, 904: 1, 201: 1, 241: 1, 53: -1, 117: -1}
263={472: 1, 421: 1}
264={472: 1, 53: -1}
265={82: -1}
266={803: 1, 82: -1, 83: -1, 802: 1, 601: 1}
267={83: -1, 117: -1}
268={117: -1}
269={117: -1}
270={360: 1, 272: 0, 602: 1, 549: 1}
271={84: 1}
275={374: 1, 169: -1, 170: 1, 278: -1, 375: 1, 28: -1, 381: 1, 286: -2, 287: -1}
276={193: 1, 227: 1, 196: 1, 5: 1, 6: 1, 170: 1, 594: 1, 595: -1, 278: -2, 279: -1, 88: -1, 29: -1}
277={88: -1}
278={88: -1}
279={705: -1, 706: -1, 259: -1, 161: -1, 611: -1, 88: -1, 217: -1, 477: -1, 702: -1}
280={558: -1, 702: -1}
281={129: 1, 91: -1, 86: -1, 151: -1}
282={169: -1, 4: 1}
283={644: 1, 37: -1, 552: -1, 10: -2, 29: 1, 142: 1, 733: -1, 17: -1, 147: -1, 84: 1, 278: -1, 88: 1, 156: 1, 157: -1, 510: -1}
284={82: 1, 140: -1, 13: 0, 86: -1}
285={713: -1, 113: 1, 50: -1, 83: -1, 117: -1, 600: 1}
286={279: 1}
287={642: 1, 227: 2, 13: 1, 598: 1, 669: -1, 383: 1}
289={227: -1, 272: 1, 19: -2, 62: -2, 637: -1, 510: -1}
290={51: -1, 19: -2, 637: -1, 726: -1}
291={680: -1, 82: -1}
292={133: -2, 680: -1, 300: -1, 627: -1, 532: -1, 638: -1}
293={35: -1, 909: 1}
294={4: -1, 5: -2, 12: 1, 72: 1, 169: -2, 170: -1, 11: 1, 108: 0, 14: 0, 144: -1, 690: -1, 692: -1, 20: 1, 278: 2, 73: -1, 1012: -1, 58: -1, 123: 0, 124: 0, 122: 0, 286: 1}
295={192: 1, 193: 1, 5: -1, 6: 0, 54: 1, 169: -1, 170: -1, 236: 1, 752: -1, 108: 0, 20: 1, 278: 1, 84: 0, 603: 1}
296={192: -1, 278: 0, 5: 0, 358: -1, 169: -1, 108: -1, 14: 1, 752: -1, 370: -1, 806: -1, 84: -2, 22: -1, 279: 1, 313: -1, 603: 1, 604: 1, 357: -1}
297={5: 1, 6: 1, 8: -1, 15: -1, 16: -1, 18: -1, 21: -1, 28: -1, 157: -1, 286: -1, 674: -1, 347: -1, 698: 1, 61: 0, 595: -1, 603: -1, 348: -1, 108: 1, 883: 1, 884: 1, 376: -1, 382: 1}
298={61: -1}
299={416: 1, 417: 1, 418: 1, 259: 0, 477: 1, 83: 1, 532: 1, 47: 1, 61: -1}
300={352: -1, 558: -1, 351: -1}
303={155: 1, 558: -1, 10: -1, 685: 1, 142: -1, 13: -1, 849: 1, 82: 1, 686: 2, 248: -1, 111: -1, 62: 1}
304={177: -1, 53: -1}
305={61: -1, 62: -1, 725: -1, 726: -1, 415: -1}
306={62: -1, 726: -1}
307={726: -1}
308={726: -1}
309={129: 1, 37: 1, 366: -1}
310={82: 1}
311={82: 1}
312={83: 1, 117: 1}
313={7: -1}
314={45: -1, 773: -1, 360: -1, 268: -2, 13: 1, 111: -1, 977: -1, 19: 1, 311: -1, 472: -1, 671: -1, 383: -1}
315={10: 1, 13: -1, 686: 1, 111: 1, 112: 1, 82: -1, 536: 1}
316={595: -1, 188: 1, 279: -1}
317={595: -1}
318={111: -1, 595: -1, 156: 1, 279: -1}
319={352: -1, 193: 1, 227: 1, 142: -1, 595: -1, 62: 1}
320={62: 1}
323={396: -1}
325={192: -2, 193: -1, 98: -1, 227: -2, 237: -1, 19: -1, 86: -1, 217: 1, 216: 1, 25: -1, 188: -1, 62: -1}
326={131: -1, 132: -1, 133: -1, 138: 1, 13: 1, 271: 1, 272: 1, 985: 1, 19: 0, 601: 1, 32: 1, 802: 1, 35: 1, 805: -1, 39: 1, 40: 1, 173: 1, 47: 1, 62: 0, 846: 1, 847: 1, 848: 1, 803: 1, 217: 1, 352: 1, 98: -1, 227: -1, 228: 1, 111: -1, 113: 0, 117: 1, 247: 0, 632: 1, 761: -1, 762: -1, 636: -1, 637: -1, 383: 1}
327={37: -1, 6: -2, 169: 1, 108: 0, 188: -1, 150: -1, 279: -1, 28: -1, 29: -1}
328={84: 1}
329={9: 1, 85: 1}
330={849: 1, 82: -1, 10: 1, 9: 1}
331={453: 1, 102: 1, 103: 1, 783: 1, 787: 1, 472: -1}
332={352: -1, 227: -1, 9: -1, 10: -1, 108: -1, 237: 1, 111: -1, 598: -1, 28: -1, 62: -1, 351: -1}
333={373: -1, 106: 1, 721: -1, 82: -1, 83: -1, 52: -1, 117: -1, 53: -1}
334={171: -1, 28: -1, 29: -1, 374: -1}
336={193: -1, 29: -1, 382: 1}
337={382: 1}
338={344: -1, 193: -1}
339={32: 1, 193: -1, 581: -1, 38: 1, 681: -1, 108: -1, 237: 1, 344: -1, 435: 1, 88: -2, 761: -1, 635: -1, 636: -1, 29: -1, 979: -1}
340={193: -1, 227: -2, 101: 1, 102: 1, 103: 1, 13: -1, 526: -1, 143: -1, 272: 2, 113: -1, 142: -1, 631: -1, 24: -1, 510: -1, 111: -1, 156: -1, 637: -1, 62: -1, 117: 1}
341={627: -1, 133: -1}
342={8: -1, 552: -1, 6: -1, 382: -1, 7: -1}
343={526: 1, 764: 1, 13: 1, 86: 1}
344={28: -1, 108: -1, 286: -1, 6: -1, 193: -1}
345={108: -1}
346={84: -1, 581: -1, 142: -1}
347={680: -1}
348={680: -1, 272: -1, 802: -1, 19: -1, 271: -1}
349={225: 1}
350={456: -1, 200: -1, 882: -1}
351={5: 1, 6: -1, 41: 1, 108: 1, 20: 1, 22: 1}
352={472: 1}
353={472: 1}
354={161: -1, 259: -1}
355={192: 1, 14: -1, 84: 1, 686: -1, 1014: -1, 279: 1, 313: 1, 28: -1}
356={321: 1, 227: 1, 28: -1}
357={762: -1, 805: -1, 13: 1}
358={627: -1, 133: -1}
359={88: 1, 5: 1, 6: 1, 14: -1, 15: -1}
360={73: -1, 123: -1, 12: 1}
361={73: -1, 12: 1, 5: -2, 4: 1}
362={145: -1, 170: -1, 124: 1, 126: -1, 169: 1}
363={372: -1, 278: 1, 126: -1}
364={128: 1, 129: 1, 278: 1, 22: -1, 479: -1}
365={265: -1, 106: -1, 459: -1, 622: -1, 656: -1, 475: -1}
366={123: -1}
367={192: 1, 193: 1, 5: -2, 84: 1, 313: 1, 123: -1}
368={47: -1}
369={61: 1, 62: 1}
370={12: 1, 29: -1}
371={123: -1, 169: 1, 11: -1, 29: -1}
372={5: -1, 29: -1, 287: 1}
373={108: -1, 124: 0, 6: -1}
374={140: 1, 108: -1}
375={84: -1, 108: -1, 805: -1, 804: -1}
376={671: -1}
377={671: -1}
378={82: 1}
379={272: 1, 228: 1, 549: 1, 271: 1}
380={721: -1, 533: -1, 383: -1}
381={5: -1}
382={5: -1}
383={120: 1, 5: -1, 119: 1}
384={84: -1, 108: -1, 5: -1}
385={153: -1, 170: 1, 169: -2}
386={169: -1, 375: -1}
387={278: -1, 366: -1, 375: -1}
388={698: 1, 595: -1}
389={217: -1, 677: 1}
391={797: 1, 798: 1}
392={552: 1, 604: 1}
393={472: -1, 373: 1}
394={279: -1, 287: -1}
395={1049: 1}
396={82: -1}
397={9: -1}
398={352: -1, 45: 1, 9: 0, 13: 1, 82: 1, 111: 1, 50: 1, 19: 1, 143: 1, 62: 0}
399={28: 1, 29: 1}
400={14: -1, 286: -1}
403={38: 1}
405={193: 1, 227: 1, 556: 1, 111: -1, 19: 1, 62: 1}
406={88: -1, 352: -1, 279: 1, 351: -1}
407={839: 1}
408={840: 1, 469: 1}
409={840: 1}
410={840: 1, 841: 1, 82: 1, 19: 1}
411={841: 1, 842: 1, 82: 1}
414={652: -1, 10: -1, 396: -1, 88: -1, 217: -1, 31: -1}
415={111: -1}
416={5: -1, 287: 0}
421={856: 1, 146: 1, 278: 1, 855: 1}
422={169: -1, 382: -1, 278: -1, 279: -1}
423={352: -1, 111: -1, 13: -1, 351: -1}
424={719: -1}
425={10: -1, 31: -1}
426={151: -1}
427={91: -1, 396: -1}
429={169: 1}
430={265: 1, 117: -1, 413: 1}
431={265: 1}
432={88: 1, 169: 1, 123: -1, 124: -1, 286: -1}
433={111: 1}
434={600: 1, 337: -1, 50: -1, 598: 1, 599: 1}
435={118: 1}
438={326: -1, 382: -1}
439={326: -1, 327: -1}
440={140: -1}
441={600: 1, 360: 1, 272: 1, 119: -1}
442={872: -1, 873: -1, 874: -1, 875: -1, 13: -1, 24: -1, 119: -1, 120: -1, 222: -1, 223: -1}
443={677: 1}
444={805: -1}
445={674: -1, 227: -1, 61: -1, 62: -1}
446={698: -1, 878: -1}
447={88: -1, 156: -1, 29: -1, 37: -1}
448={140: 1, 146: 1, 210: 1, 403: 1, 404: 1, 88: 1, 217: 1}
449={161: 1, 258: 1, 146: 1, 404: 1, 23: 1, 24: 1, 25: 1}
450={32: -1, 258: 1, 35: 1, 38: -1}
451={35: 1}
452={19: 1, 227: 1, 62: 1, 278: -1, 279: -1}
456={4: 2, 5: 1}
457={5: 1, 169: -2, 14: -1, 15: -1, 692: -1, 286: -1}
459={113: -1, 635: -1, 636: -1}
460={272: -1, 549: -1, 774: -1, 360: -1, 268: -1, 13: -1, 720: -1, 82: -1, 24: -1, 602: -1, 383: -1}
462={536: -1, 686: -1}
463={536: -1}
468={82: -2, 19: -1, 62: -1}
469={357: 1, 22: 1}
470={358: 1}
471={358: 1}
472={9: -1, 82: 1, 83: 1, 85: -1}
473={9: -1, 13: -1, 82: -1, 83: 1, 52: 1, 25: -1, 155: -1}
474={53: 1}
475={53: 1}
476={53: 1}
477={472: 1, 201: 1, 421: 1}
478={676: 1, 699: 1, 732: 1, 677: 1, 279: 1}
479={192: -1, 193: -1, 258: 1, 611: 1, 101: 1, 678: 1, 227: -1, 265: 1, 344: 0, 403: 1, 84: -1, 405: 1, 88: -1, 413: 1}
480={344: -1, 38: -1}
481={32: -1, 19: -1, 228: -1, 141: -1}
482={138: -1, 141: -1}
483={138: -1, 139: -1}
484={139: -1}
485={139: -1}
486={136: -1}
487={136: -1}
488={136: -1}
490={5: 1}
491={20: 1, 5: 1}
492={28: 1, 5: 1, 14: 1}
493={344: 1, 29: 1}
495={196: 1, 197: 1}
496={558: 1}
497={558: 1}
498={558: 1}
499={558: 1}
500={912: 1, 913: 1, 558: 1, 791: 1}
501={914: 1, 915: 1, 916: 1, 791: 1}
502={916: 1}
503={169: 2, 196: -1}
504={396: -1}
505={396: -1}
506={418: 1}
507={418: 1}
508={418: 1}
509={418: 1, 373: 1}
510={627: -1}
511={5: -1}
512={84: -1, 108: -1, 5: -1}
513={84: -1}
514={10: -1, 147: -1, 85: -1}
515={10: -1}
516={25: -1, 10: -1, 26: -1}
517={62: 1}
518={19: 1, 62: 1}
519={50: 1, 19: 1, 173: 1}
522={225: 1, 1018: -1}
524={286: -1}
525={6: -1, 382: -1, 287: -1}
529={108: 1}
530={12: 1}
531={169: 1, 333: 1, 334: 1, 279: 1}
533={108: 1}
534={140: 1, 108: 1}
536={53: -1}
537={53: -1}
538={53: -1}
539={53: -1}
540={53: -1}
541={53: -1}
542={53: -1}
543={108: 1}
544={108: 1, 5: 1}
545={9: 1, 85: 1}
546={9: 1}
549={53: -1}
550={73: 1}
551={73: 1, 20: 1}
552={20: 1}
553={20: 1, 21: 1, 22: 1}
554={526: 1}
555={138: 1, 526: 1}
556={136: 1, 138: 1, 139: 1}
557={136: 1}
569={51: -1}
570={51: -1}
571={802: 1, 19: 1, 62: 1}
577={88: 1, 210: 1}
578={88: 1}
579={536: -1}
580={536: -1, 1015: -1}
581={113: 1, 663: 1}
582={663: 1}
585={113: -1, 247: -1, 47: -1, 639: 1}
586={193: 1, 140: 1}
587={708: 1, 236: 1, 119: 1}
588={6: -1, 7: -1}
589={188: -1, 157: -1, 61: -1}
590={85: 1, 6: 1}
591={9: 1, 85: 1}
592={9: 1}
593={9: 1, 10: 1}
594={10: 1}
595={19: 1, 148: 1, 62: 1}
596={699: 1, 556: 1}
597={790: 1}
598={790: 1}
599={108: 1}
600={108: 1}
601={37: 1}
602={38: 1}
614={6: -1}
616={19: -1, 237: -1}
620={698: -1}
621={272: -1, 228: -1, 271: -1}
623={88: -1, 193: -1}
624={188: -1}
625={188: -1}
630={681: -1, 682: -1, 526: 1, 983: -1}
631={988: -1}
632={1013: -1, 279: 1}
638={373: -1}
639={296: -1, 217: -1}
640={960: -1, 961: -1, 1008: -1}
641={1008: -1, 1009: -1}
642={1009: -1}
643={1009: -1}
645={251: -1}
646={220: -1}
647={155: -1, 148: -1, 62: -1, 214: -1}
648={53: -1}
649={53: -1}
650={472: -1, 201: -1, 53: -1, 421: -1}
651={472: -1}
652={62: -1}
653={82: -1, 83: -1, 532: -1}
654={416: -1, 545: -1}
655={545: -1, 546: -1}
656={546: -1, 962: -1}
657={962: -1, 1011: -1}
658={1011: -1}
659={113: -1, 663: -1}
660={664: -1}
661={664: -1}
662={624: -1, 665: -1}
668={169: -1, 1013: -1, 286: -1}
669={1015: -1}
670={1015: -1}
671={1015: -1}
672={1015: -1}
673={1015: -1}
674={1016: -1, 1017: -1, 226: -1, 1018: -1, 1015: -1}
675={1018: -1}
676={1018: -1}
677={15: -1}
678={68: -1}
679={169: -1, 278: -1, 68: -1, 365: -1, 366: -1}
686={326: -1}
688={1046: 1}
689={1048: 1, 1049: 1, 1046: 1, 1047: 1}
